Date,Open,High,Low,Close,Volume,Adj Close,codenumber,bookvalue,changerate,PB
2016-08-30,4.43,4.47,4.43,4.46,8041700,4.46,,5.26,0.835,0.708003802281
2016-08-29,4.44,4.44,4.37,4.41,11990400,4.41,,5.26,0.835,0.700066539924
2016-08-26,4.42,4.46,4.41,4.43,4235000,4.43,,5.26,0.835,0.703241444867
2016-08-25,4.45,4.47,4.4,4.45,6413700,4.45,,5.26,0.835,0.70641634981
2016-08-24,4.58,4.58,4.38,4.45,7914700,4.45,,5.26,0.835,0.70641634981
2016-08-23,4.59,4.59,4.53,4.58,6641700,4.58,,5.26,0.835,0.727053231939
2016-08-22,4.59,4.59,4.5,4.59,8050700,4.59,,5.26,0.835,0.728640684411
2016-08-19,4.54,4.56,4.47,4.55,14826000,4.55,,5.26,0.835,0.722290874525
2016-08-18,4.44,4.51,4.44,4.5,14958000,4.5,,5.26,0.835,0.714353612167
2016-08-17,4.46,4.48,4.4,4.42,6774400,4.42,,5.26,0.835,0.701653992395
2016-08-16,4.5,4.55,4.44,4.44,6271300,4.44,,5.26,0.835,0.704828897338
2016-08-15,4.38,4.55,4.38,4.49,7561000,4.49,,5.26,0.835,0.712766159696
2016-08-12,4.38,4.41,4.36,4.41,9854000,4.41,,5.26,0.835,0.700066539924
2016-08-11,4.25,4.37,4.23,4.32,10336000,4.32,,5.26,0.835,0.685779467681
2016-08-10,4.24,4.25,4.22,4.25,8277000,4.25,,5.26,0.835,0.67466730038
2016-08-09,4.21,4.24,4.19,4.24,8073000,4.24,,5.26,0.835,0.673079847909
2016-08-08,4.19,4.21,4.16,4.2,9551900,4.2,,5.26,0.835,0.666730038023
2016-08-05,4.16,4.18,4.14,4.17,7261000,4.17,,5.26,0.835,0.661967680608
2016-08-04,4.14,4.14,4.1,4.14,5957200,4.14,,5.26,0.835,0.657205323194
2016-08-03,4.1,4.12,4.06,4.11,9100400,4.11,,5.26,0.835,0.652442965779
2016-08-02,4.15,4.15,4.15,4.15,0,4.15,,5.26,0.835,0.658792775665
2016-08-01,4.1,4.16,4.08,4.15,11355900,4.15,,5.26,0.835,0.658792775665
2016-07-29,4.14,4.15,4.07,4.07,5979300,4.07,,5.26,0.835,0.646093155894
2016-07-28,4.17,4.17,4.11,4.13,6709000,4.13,,5.26,0.835,0.655617870722
2016-07-27,4.14,4.17,4.1,4.16,6600000,4.16,,5.26,0.835,0.660380228137
2016-07-26,4.1,4.2,4.09,4.18,7294000,4.18,,5.26,0.835,0.66355513308
2016-07-25,4.12,4.14,4.08,4.14,8200600,4.14,,5.26,0.835,0.657205323194
2016-07-22,4.12,4.13,4.05,4.09,9638700,4.09,,5.26,0.835,0.649268060837
2016-07-21,4.11,4.17,4.11,4.15,6283000,4.15,,5.26,0.835,0.658792775665
2016-07-20,4.15,4.15,4.09,4.12,7704800,4.12,,5.26,0.835,0.654030418251
2016-07-19,4.13,4.15,4.06,4.13,8828000,4.13,,5.26,0.835,0.655617870722
2016-07-18,4.08,4.12,4.06,4.1,3500800,4.1,,5.26,0.835,0.650855513308
2016-07-15,4.06,4.1,4.04,4.08,9479100,4.08,,5.26,0.835,0.647680608365
2016-07-14,4.0,4.06,3.97,4.06,7426800,4.06,,5.26,0.835,0.644505703422
2016-07-13,3.99,4.02,3.94,4.01,8810500,4.01,,5.26,0.835,0.636568441065
2016-07-12,3.95,3.97,3.93,3.96,7558500,3.96,,5.26,0.835,0.628631178707
2016-07-11,3.87,3.95,3.87,3.94,7456900,3.94,,5.26,0.835,0.625456273764
2016-07-08,3.87,3.87,3.83,3.85,4048600,3.85,,5.26,0.835,0.611169201521
2016-07-07,3.85,3.89,3.85,3.88,3878000,3.88,,5.26,0.835,0.615931558935
2016-07-06,3.87,3.88,3.82,3.85,4238000,3.85,,5.26,0.835,0.611169201521
2016-07-05,3.91,3.94,3.88,3.88,11064000,3.88,,5.26,0.835,0.615931558935
2016-07-04,3.92,3.98,3.92,3.94,11808000,3.94,,5.26,0.835,0.625456273764
2016-07-01,3.92,3.92,3.92,3.92,0,3.92,,5.26,0.835,0.622281368821
2016-06-30,3.86,3.93,3.86,3.92,8449700,3.92,,5.26,0.835,0.622281368821
2016-06-29,3.83,3.87,3.81,3.87,8369400,3.87,,5.26,0.835,0.614344106464
2016-06-28,3.78,3.83,3.75,3.8,7900000,3.8,,5.26,0.835,0.603231939163
2016-06-27,3.71,3.84,3.71,3.81,3723000,3.81,,5.26,0.835,0.604819391635
2016-06-24,3.82,3.84,3.68,3.76,14293000,3.76,,5.26,0.835,0.596882129278
2016-06-23,3.84,3.85,3.8,3.83,6064000,3.83,,5.26,0.835,0.607994296578
2016-06-22,3.74,3.86,3.72,3.84,14576000,3.84,,5.26,0.835,0.609581749049
2016-06-21,3.95,3.95,3.92,3.94,20945100,3.704,,5.26,0.835,0.625456273764
2016-06-20,3.85,3.93,3.85,3.92,11398100,3.685,,5.26,0.835,0.622281368821
2016-06-17,3.85,3.88,3.84,3.85,9873800,3.62,,5.26,0.835,0.611169201521
2016-06-16,3.88,3.88,3.8,3.83,10332100,3.601,,5.26,0.835,0.607994296578
2016-06-15,3.82,3.91,3.82,3.89,11114000,3.657,,5.26,0.835,0.617519011407
2016-06-14,3.85,3.88,3.82,3.86,6030000,3.629,,5.26,0.835,0.612756653992
2016-06-13,3.91,3.91,3.82,3.86,9369000,3.629,,5.26,0.835,0.612756653992
2016-06-10,4.06,4.06,3.93,3.94,7049000,3.704,,5.26,0.835,0.625456273764
2016-06-09,4.05,4.05,4.05,4.05,0,3.808,,5.26,0.835,0.642918250951
2016-06-08,4.09,4.09,4.03,4.05,6132000,3.808,,5.26,0.835,0.642918250951
2016-06-07,4.0,4.1,3.98,4.07,7621000,3.826,,5.26,0.835,0.646093155894
2016-06-06,3.94,3.99,3.94,3.99,6705000,3.751,,5.26,0.835,0.633393536122
2016-06-03,3.97,3.97,3.93,3.95,8814000,3.714,,5.26,0.835,0.627043726236
2016-06-02,3.92,3.97,3.91,3.94,5939600,3.704,,5.26,0.835,0.625456273764
2016-06-01,3.97,3.97,3.89,3.91,16509200,3.676,,5.26,0.835,0.62069391635
2016-05-31,3.97,4.01,3.93,3.98,26248300,3.742,,5.26,0.835,0.63180608365
2016-05-30,3.91,4.0,3.89,3.95,11956700,3.714,,5.26,0.835,0.627043726236
2016-05-27,3.84,3.9,3.82,3.89,14733700,3.657,,5.26,0.835,0.617519011407
2016-05-26,3.84,3.86,3.8,3.82,4909200,3.591,,5.26,0.835,0.606406844106
2016-05-25,3.78,3.85,3.76,3.83,16981300,3.601,,5.26,0.835,0.607994296578
2016-05-24,3.8,3.81,3.73,3.75,11672700,3.526,,5.26,0.835,0.595294676806
2016-05-23,3.76,3.83,3.7,3.81,6206700,3.582,,5.26,0.835,0.604819391635
2016-05-20,3.71,3.77,3.71,3.72,10994600,3.497,,5.26,0.835,0.590532319392
2016-05-19,3.73,3.78,3.72,3.73,6548000,3.507,,5.26,0.835,0.592119771863
2016-05-18,3.72,3.77,3.72,3.76,8159000,3.535,,5.26,0.835,0.596882129278
2016-05-17,3.73,3.82,3.7,3.8,7154900,3.573,,5.26,0.835,0.603231939163
2016-05-16,3.72,3.77,3.7,3.71,8531900,3.488,,5.26,0.835,0.58894486692
2016-05-13,3.78,3.79,3.7,3.72,12315000,3.497,,5.26,0.835,0.590532319392
2016-05-12,3.79,3.81,3.76,3.8,9968000,3.573,,5.26,0.835,0.603231939163
2016-05-11,3.86,3.89,3.77,3.79,16653500,3.563,,5.26,0.835,0.601644486692
2016-05-10,3.9,3.92,3.84,3.85,19208500,3.62,,5.26,0.835,0.611169201521
2016-05-09,3.95,3.97,3.9,3.92,6792900,3.685,,5.26,0.835,0.622281368821
2016-05-06,4.02,4.02,3.93,3.94,8823800,3.704,,5.26,0.835,0.625456273764
2016-05-05,4.0,4.03,3.99,4.01,7282000,3.77,,5.26,0.835,0.636568441065
2016-05-04,4.0,4.05,3.99,4.03,10531200,3.789,,5.26,0.835,0.639743346008
2016-05-03,4.09,4.1,4.0,4.02,12713000,3.779,,5.26,0.835,0.638155893536
2016-05-02,4.09,4.09,4.09,4.09,0,3.845,,5.26,0.835,0.649268060837
2016-04-29,4.13,4.19,4.06,4.09,18889000,3.845,,5.26,0.835,0.649268060837
2016-04-28,4.12,4.15,4.09,4.11,6176000,3.864,,5.26,0.835,0.652442965779
2016-04-27,4.1,4.12,4.04,4.11,4622300,3.864,,5.26,0.835,0.652442965779
2016-04-26,4.06,4.12,4.02,4.12,6893700,3.873,,5.26,0.835,0.654030418251
2016-04-25,4.1,4.14,4.06,4.07,8054000,3.826,,5.26,0.835,0.646093155894
2016-04-22,4.14,4.15,4.1,4.11,7765500,3.864,,5.26,0.835,0.652442965779
2016-04-21,4.12,4.18,4.08,4.14,15384800,3.892,,5.26,0.835,0.657205323194
2016-04-20,4.15,4.16,4.06,4.11,5863200,3.864,,5.26,0.835,0.652442965779
2016-04-19,4.15,4.16,4.11,4.14,10610400,3.892,,5.26,0.835,0.657205323194
2016-04-18,4.14,4.14,4.06,4.1,6862500,3.855,,5.26,0.835,0.650855513308
2016-04-15,4.2,4.2,4.14,4.17,5571900,3.92,,5.26,0.835,0.661967680608
2016-04-14,4.16,4.24,4.15,4.17,21636300,3.92,,5.26,0.835,0.661967680608
2016-04-13,4.08,4.12,4.05,4.12,32493500,3.873,,5.26,0.835,0.654030418251
2016-04-12,4.04,4.09,4.03,4.05,5776400,3.808,,5.26,0.835,0.642918250951
2016-04-11,3.98,4.06,3.94,4.05,5056900,3.808,,5.26,0.835,0.642918250951
2016-04-08,3.94,3.99,3.84,3.96,12219000,3.723,,5.26,0.835,0.628631178707
2016-04-07,3.98,4.04,3.93,3.96,12226000,3.723,,5.26,0.835,0.628631178707
2016-04-06,3.96,4.0,3.92,3.99,7398000,3.751,,5.26,0.835,0.633393536122
2016-04-05,4.03,4.1,3.94,3.96,16918300,3.723,,5.26,0.835,0.628631178707
2016-04-04,4.05,4.05,4.05,4.05,0,3.808,,5.26,0.835,0.642918250951
2016-04-01,4.11,4.11,3.98,4.05,15179400,3.808,,5.26,0.835,0.642918250951
2016-03-31,4.09,4.12,4.03,4.1,15358000,3.855,3618.0,5.03,0.835,0.680616302187
2016-03-30,3.97,4.1,3.97,4.08,12250000,3.836,,5.03,0.835,0.677296222664
2016-03-29,3.97,4.02,3.94,3.97,6263000,3.732,,5.03,0.835,0.659035785288
2016-03-28,3.98,3.98,3.98,3.98,0,3.742,,5.03,0.835,0.66069582505
2016-03-25,3.98,3.98,3.98,3.98,0,3.742,,5.03,0.835,0.66069582505
2016-03-24,4.08,4.08,3.97,3.98,17717000,3.742,,5.03,0.835,0.66069582505
2016-03-23,4.09,4.13,4.03,4.06,9286000,3.817,,5.03,0.835,0.673976143141
2016-03-22,4.12,4.16,4.08,4.1,13822000,3.855,,5.03,0.835,0.680616302187
2016-03-21,4.1,4.15,4.06,4.12,18910000,3.873,,5.03,0.835,0.68393638171
2016-03-18,4.05,4.08,4.0,4.05,19982000,3.808,,5.03,0.835,0.67231610338
2016-03-17,3.9,4.02,3.9,4.0,19031700,3.761,,5.03,0.835,0.664015904573
2016-03-16,4.0,4.02,3.92,3.96,10869000,3.723,,5.03,0.835,0.657375745527
2016-03-15,3.99,4.04,3.97,4.03,9415900,3.789,,5.03,0.835,0.668996023857
2016-03-14,4.0,4.04,3.96,4.03,11709000,3.789,,5.03,0.835,0.668996023857
2016-03-11,3.95,4.01,3.93,3.99,20790900,3.751,,5.03,0.835,0.662355864811
2016-03-10,3.99,4.01,3.92,3.95,9028500,3.714,,5.03,0.835,0.655715705765
2016-03-09,3.9,3.96,3.88,3.96,14959200,3.723,,5.03,0.835,0.657375745527
2016-03-08,3.95,3.97,3.9,3.96,15330200,3.723,,5.03,0.835,0.657375745527
2016-03-07,4.0,4.08,3.98,4.0,11899700,3.761,,5.03,0.835,0.664015904573
2016-03-04,3.82,3.95,3.81,3.92,23844000,3.685,,5.03,0.835,0.650735586481
2016-03-03,3.81,3.84,3.77,3.82,8086000,3.591,,5.03,0.835,0.634135188867
2016-03-02,3.68,3.8,3.65,3.78,21187200,3.554,,5.03,0.835,0.627495029821
2016-03-01,3.66,3.67,3.56,3.61,20853500,3.394,,5.03,0.835,0.599274353877
2016-02-29,3.74,3.74,3.62,3.64,7770000,3.422,,5.03,0.835,0.604254473161
2016-02-26,3.7,3.73,3.67,3.7,5677900,3.479,,5.03,0.835,0.61421471173
2016-02-25,3.81,3.81,3.62,3.63,8393700,3.413,,5.03,0.835,0.6025944334
2016-02-24,3.8,3.83,3.72,3.77,5773000,3.544,,5.03,0.835,0.62583499006
2016-02-23,3.85,3.85,3.78,3.81,3549000,3.582,,5.03,0.835,0.632475149105
2016-02-22,3.79,3.83,3.76,3.82,5163000,3.591,,5.03,0.835,0.634135188867
2016-02-19,3.74,3.8,3.74,3.78,7211700,3.554,,5.03,0.835,0.627495029821
2016-02-18,3.75,3.81,3.72,3.74,12381000,3.516,,5.03,0.835,0.620854870775
2016-02-17,3.71,3.77,3.66,3.69,15949500,3.469,,5.03,0.835,0.612554671968
2016-02-16,3.73,3.77,3.69,3.73,8866700,3.507,,5.03,0.835,0.619194831014
2016-02-15,3.56,3.73,3.53,3.69,16520000,3.469,,5.03,0.835,0.612554671968
2016-02-12,3.5,3.61,3.44,3.47,12635800,3.262,,5.03,0.835,0.576033797217
2016-02-11,3.6,3.63,3.5,3.51,8815400,3.3,,5.03,0.835,0.582673956262
2016-02-10,3.68,3.68,3.68,3.68,0,3.46,,5.03,0.835,0.610894632207
2016-02-09,3.68,3.68,3.68,3.68,0,3.46,,5.03,0.835,0.610894632207
2016-02-08,3.68,3.68,3.68,3.68,0,3.46,,5.03,0.835,0.610894632207
2016-02-05,3.6,3.71,3.58,3.68,4707500,3.46,,5.03,0.835,0.610894632207
2016-02-04,3.68,3.69,3.62,3.63,8496400,3.413,,5.03,0.835,0.6025944334
2016-02-03,3.68,3.68,3.61,3.63,16098100,3.413,,5.03,0.835,0.6025944334
2016-02-02,3.75,3.79,3.7,3.71,13109900,3.488,,5.03,0.835,0.615874751491
2016-02-01,3.88,3.91,3.75,3.79,15844100,3.563,,5.03,0.835,0.629155069583
2016-01-29,3.71,3.95,3.71,3.94,12834000,3.704,,5.03,0.835,0.654055666004
2016-01-28,3.67,3.76,3.66,3.75,5105000,3.526,,5.03,0.835,0.622514910537
2016-01-27,3.68,3.73,3.64,3.72,7962000,3.497,,5.03,0.835,0.617534791252
2016-01-26,3.76,3.83,3.6,3.61,20521000,3.394,,5.03,0.835,0.599274353877
2016-01-25,3.82,3.89,3.78,3.82,5728400,3.591,,5.03,0.835,0.634135188867
2016-01-22,3.77,3.84,3.73,3.81,9839400,3.582,,5.03,0.835,0.632475149105
2016-01-21,3.72,3.82,3.63,3.67,23818000,3.45,,5.03,0.835,0.609234592445
2016-01-20,3.87,3.89,3.74,3.74,10850600,3.516,,5.03,0.835,0.620854870775
2016-01-19,3.75,3.95,3.75,3.91,13403800,3.676,,5.03,0.835,0.64907554672
2016-01-18,3.7,3.86,3.65,3.76,10842500,3.535,,5.03,0.835,0.624174950298
2016-01-15,3.93,3.96,3.76,3.77,36779100,3.544,,5.03,0.835,0.62583499006
2016-01-14,3.93,3.96,3.88,3.91,18283600,3.676,,5.03,0.835,0.64907554672
2016-01-13,4.0,4.04,3.98,3.98,17355300,3.742,,5.03,0.835,0.66069582505
2016-01-12,3.99,4.05,3.95,3.96,14787100,3.723,,5.03,0.835,0.657375745527
2016-01-11,4.1,4.12,3.98,3.99,21424600,3.751,,5.03,0.835,0.662355864811
2016-01-08,4.25,4.26,4.19,4.21,15047000,3.958,,5.03,0.835,0.698876739563
2016-01-07,4.37,4.41,4.18,4.19,23031700,3.939,,5.03,0.835,0.69555666004
2016-01-06,4.57,4.57,4.37,4.38,28017000,4.118,,5.03,0.835,0.727097415507
2016-01-05,4.52,4.68,4.52,4.55,6603900,4.278,,5.03,0.835,0.755318091451
2016-01-04,4.68,4.7,4.53,4.58,5120500,4.306,,5.03,0.835,0.760298210736
2016-01-01,4.69,4.69,4.69,4.69,0,4.409,,5.03,0.835,0.778558648111
2015-12-31,4.68,4.73,4.68,4.69,970000,4.409,3618.0,4.88,0.835,0.802489754098
2015-12-30,4.79,4.79,4.63,4.67,7038800,4.39,,4.88,0.835,0.799067622951
2015-12-29,4.77,4.83,4.74,4.78,6210700,4.494,,4.88,0.835,0.817889344262
2015-12-28,4.87,4.88,4.74,4.74,7345000,4.456,,4.88,0.835,0.811045081967
2015-12-25,4.87,4.87,4.87,4.87,0,4.579,,4.88,0.835,0.833288934426
2015-12-24,4.94,4.94,4.86,4.87,2512700,4.579,,4.88,0.835,0.833288934426
2015-12-23,4.83,4.92,4.81,4.89,6760800,4.597,,4.88,0.835,0.836711065574
2015-12-22,4.87,4.87,4.77,4.85,6373500,4.56,,4.88,0.835,0.829866803279
2015-12-21,4.67,4.85,4.65,4.82,8025100,4.532,,4.88,0.835,0.824733606557
2015-12-18,4.64,4.76,4.6,4.7,10793700,4.419,,4.88,0.835,0.804200819672
2015-12-17,4.6,4.75,4.59,4.64,9636000,4.362,,4.88,0.835,0.79393442623
2015-12-16,4.42,4.61,4.42,4.6,17506600,4.325,,4.88,0.835,0.787090163934
2015-12-15,4.36,4.41,4.34,4.37,13372800,4.108,,4.88,0.835,0.747735655738
2015-12-14,4.27,4.37,4.27,4.35,21256200,4.09,,4.88,0.835,0.74431352459
2015-12-11,4.57,4.57,4.38,4.39,6688000,4.127,,4.88,0.835,0.751157786885
2015-12-10,4.47,4.55,4.45,4.5,7969200,4.231,,4.88,0.835,0.769979508197
2015-12-09,4.5,4.55,4.45,4.47,11409000,4.202,,4.88,0.835,0.764846311475
2015-12-08,4.6,4.63,4.51,4.58,6110500,4.306,,4.88,0.835,0.783668032787
2015-12-07,4.6,4.65,4.58,4.63,5471500,4.353,,4.88,0.835,0.792223360656
2015-12-04,4.6,4.63,4.52,4.6,5828700,4.325,,4.88,0.835,0.787090163934
2015-12-03,4.59,4.65,4.58,4.63,5278400,4.353,,4.88,0.835,0.792223360656
2015-12-02,4.57,4.68,4.57,4.64,4005700,4.362,,4.88,0.835,0.79393442623
2015-12-01,4.61,4.63,4.55,4.61,10877100,4.334,,4.88,0.835,0.788801229508
2015-11-30,4.6,4.65,4.51,4.57,17953000,4.296,,4.88,0.835,0.781956967213
2015-11-27,4.73,4.74,4.57,4.6,10955900,4.325,,4.88,0.835,0.787090163934
2015-11-26,4.76,4.78,4.67,4.73,10548200,4.447,,4.88,0.835,0.809334016393
2015-11-25,4.7,4.75,4.67,4.71,4408600,4.428,,4.88,0.835,0.805911885246
2015-11-24,4.8,4.85,4.69,4.74,12966900,4.456,,4.88,0.835,0.811045081967
2015-11-23,4.87,4.88,4.79,4.82,5793200,4.532,,4.88,0.835,0.824733606557
2015-11-20,4.81,4.87,4.8,4.85,3657200,4.56,,4.88,0.835,0.829866803279
2015-11-19,4.85,4.89,4.82,4.83,6149000,4.541,,4.88,0.835,0.826444672131
2015-11-18,4.72,4.86,4.72,4.8,6624200,4.513,,4.88,0.835,0.82131147541
2015-11-17,4.75,4.82,4.71,4.76,12568000,4.475,,4.88,0.835,0.814467213115
2015-11-16,4.65,4.71,4.64,4.66,8773000,4.381,,4.88,0.835,0.797356557377
2015-11-13,4.98,4.98,4.71,4.73,13072800,4.447,,4.88,0.835,0.809334016393
2015-11-12,4.88,4.98,4.72,4.92,9481000,4.626,,4.88,0.835,0.841844262295
2015-11-11,4.91,4.98,4.83,4.86,8497000,4.569,,4.88,0.835,0.831577868852
2015-11-10,5.09,5.1,4.92,4.95,13259000,4.654,,4.88,0.835,0.846977459016
2015-11-09,5.0,5.18,5.0,5.13,10163000,4.823,,4.88,0.835,0.877776639344
2015-11-06,5.05,5.11,5.02,5.05,14360000,4.748,,4.88,0.835,0.864088114754
2015-11-05,5.05,5.12,4.96,5.06,8384900,4.757,,4.88,0.835,0.865799180328
2015-11-04,5.06,5.14,4.98,5.1,10227800,4.795,,4.88,0.835,0.872643442623
2015-11-03,5.0,5.06,4.98,5.02,11028100,4.72,,4.88,0.835,0.858954918033
2015-11-02,4.98,5.07,4.88,4.95,12095900,4.654,,4.88,0.835,0.846977459016
2015-10-30,4.82,4.92,4.75,4.89,9826700,4.597,,4.88,0.835,0.836711065574
2015-10-29,4.8,4.87,4.71,4.73,10550500,4.447,,4.88,0.835,0.809334016393
2015-10-28,4.95,5.01,4.76,4.77,13685300,4.485,,4.88,0.835,0.816178278689
2015-10-27,5.04,5.08,4.93,5.03,9728000,4.729,,4.88,0.835,0.860665983607
2015-10-26,5.11,5.11,4.96,5.02,6175000,4.72,,4.88,0.835,0.858954918033
2015-10-23,5.03,5.07,4.99,5.02,6989800,4.72,,4.88,0.835,0.858954918033
2015-10-22,4.94,5.03,4.88,4.98,6739000,4.682,,4.88,0.835,0.852110655738
2015-10-21,4.96,4.96,4.96,4.96,0,4.663,,4.88,0.835,0.84868852459
2015-10-20,4.95,4.98,4.88,4.96,6659100,4.663,,4.88,0.835,0.84868852459
2015-10-19,4.97,5.07,4.9,5.04,13754200,4.738,,4.88,0.835,0.86237704918
2015-10-16,4.8,4.94,4.79,4.9,16359600,4.607,,4.88,0.835,0.838422131148
2015-10-15,4.67,4.77,4.62,4.73,5494800,4.447,,4.88,0.835,0.809334016393
2015-10-14,4.6,4.67,4.6,4.65,5780800,4.372,,4.88,0.835,0.795645491803
2015-10-13,4.76,4.76,4.59,4.67,11237000,4.39,,4.88,0.835,0.799067622951
2015-10-12,4.74,4.83,4.72,4.76,8934000,4.475,,4.88,0.835,0.814467213115
2015-10-09,4.8,4.83,4.66,4.7,8596200,4.419,,4.88,0.835,0.804200819672
2015-10-08,4.8,4.84,4.65,4.72,11505900,4.438,,4.88,0.835,0.80762295082
2015-10-07,4.57,4.84,4.57,4.8,14061000,4.513,,4.88,0.835,0.82131147541
2015-10-06,4.69,4.71,4.57,4.62,5517600,4.343,,4.88,0.835,0.790512295082
2015-10-05,4.55,4.66,4.49,4.65,8945400,4.372,,4.88,0.835,0.795645491803
2015-10-02,4.43,4.54,4.39,4.47,9732600,4.202,,4.88,0.835,0.764846311475
2015-10-01,4.37,4.37,4.37,4.37,0,4.108,,4.88,0.835,0.747735655738
2015-09-30,4.37,4.48,4.34,4.37,16822000,4.108,3618.0,4.42,0.835,0.825554298643
2015-09-29,4.4,4.4,4.24,4.28,14334000,4.024,,4.42,0.835,0.808552036199
2015-09-28,4.54,4.54,4.54,4.54,0,4.268,,4.42,0.835,0.857669683258
2015-09-25,4.5,4.57,4.43,4.54,6879900,4.268,,4.42,0.835,0.857669683258
2015-09-24,4.6,4.6,4.44,4.5,8328000,4.231,,4.42,0.835,0.850113122172
2015-09-23,4.51,4.65,4.41,4.49,7447500,4.221,,4.42,0.835,0.8482239819
2015-09-22,4.6,4.69,4.57,4.57,4674000,4.296,,4.42,0.835,0.863337104072
2015-09-21,4.63,4.69,4.51,4.58,7376800,4.306,,4.42,0.835,0.865226244344
2015-09-18,4.59,4.71,4.52,4.68,14684900,4.4,,4.42,0.835,0.884117647059
2015-09-17,4.62,4.62,4.47,4.51,8308100,4.24,,4.42,0.835,0.852002262443
2015-09-16,4.36,4.58,4.35,4.51,12247900,4.24,,4.42,0.835,0.852002262443
2015-09-15,4.38,4.42,4.26,4.28,21064100,4.024,,4.42,0.835,0.808552036199
2015-09-14,4.55,4.64,4.33,4.45,19710600,4.184,,4.42,0.835,0.840667420814
2015-09-11,4.55,4.63,4.48,4.52,13165200,4.249,,4.42,0.835,0.853891402715
2015-09-10,4.4,4.5,4.31,4.45,18775700,4.184,,4.42,0.835,0.840667420814
2015-09-09,4.33,4.5,4.33,4.46,10025800,4.193,,4.42,0.835,0.842556561086
2015-09-08,4.1,4.31,4.1,4.3,8642000,4.043,,4.42,0.835,0.812330316742
2015-09-07,4.13,4.28,4.08,4.09,8245400,3.845,,4.42,0.835,0.772658371041
2015-09-04,4.1,4.26,4.04,4.13,13058400,3.883,,4.42,0.835,0.780214932127
2015-09-03,4.1,4.1,4.1,4.1,0,3.855,,4.42,0.835,0.774547511312
2015-09-02,4.13,4.27,4.02,4.1,22382200,3.855,,4.42,0.835,0.774547511312
2015-09-01,4.48,4.49,4.18,4.23,24333700,3.977,,4.42,0.835,0.799106334842
2015-08-31,4.59,4.59,4.39,4.53,17150700,4.259,,4.42,0.835,0.855780542986
2015-08-28,4.83,4.83,4.5,4.54,14856600,4.268,,4.42,0.835,0.857669683258
2015-08-27,4.66,4.81,4.51,4.71,12288200,4.428,,4.42,0.835,0.889785067873
2015-08-26,4.63,4.75,4.53,4.54,8662100,4.268,,4.42,0.835,0.857669683258
2015-08-25,4.38,4.74,4.38,4.63,16838600,4.353,,4.42,0.835,0.874671945701
2015-08-24,4.67,4.75,4.38,4.55,17867700,4.278,,4.42,0.835,0.859558823529
2015-08-21,5.06,5.06,4.91,4.98,8163000,4.682,,4.42,0.835,0.940791855204
2015-08-20,5.19,5.21,5.02,5.12,6448800,4.814,,4.42,0.835,0.967239819005
2015-08-19,5.33,5.37,5.2,5.29,4980500,4.973,,4.42,0.835,0.99935520362
2015-08-18,5.41,5.49,5.29,5.29,5663700,4.973,,4.42,0.835,0.99935520362
2015-08-17,5.46,5.58,5.35,5.41,3519600,5.086,,4.42,0.835,1.02202488688
2015-08-14,5.5,5.63,5.46,5.53,2685800,5.199,,4.42,0.835,1.04469457014
2015-08-13,5.65,5.7,5.5,5.55,4911900,5.218,,4.42,0.835,1.04847285068
2015-08-12,5.7,5.81,5.5,5.55,9434100,5.218,,4.42,0.835,1.04847285068
2015-08-11,5.87,5.95,5.76,5.83,7930400,5.481,,4.42,0.835,1.10136877828
2015-08-10,5.86,5.86,5.67,5.81,4731600,5.462,,4.42,0.835,1.09759049774
2015-08-07,5.69,5.87,5.57,5.81,12737400,5.462,,4.42,0.835,1.09759049774
2015-08-06,5.51,5.62,5.48,5.57,7875700,5.237,,4.42,0.835,1.05225113122
2015-08-05,5.4,5.52,5.34,5.5,5593400,5.171,,4.42,0.835,1.03902714932
2015-08-04,5.48,5.51,5.33,5.4,8140000,5.077,,4.42,0.835,1.02013574661
2015-08-03,5.55,5.56,5.41,5.43,5790000,5.105,,4.42,0.835,1.02580316742
2015-07-31,5.55,5.6,5.45,5.55,8701200,5.218,,4.42,0.835,1.04847285068
2015-07-30,5.51,5.62,5.45,5.58,6213000,5.246,,4.42,0.835,1.05414027149
2015-07-29,5.42,5.51,5.29,5.5,9256000,5.171,,4.42,0.835,1.03902714932
2015-07-28,5.48,5.65,5.3,5.39,14494200,5.067,,4.42,0.835,1.01824660633
2015-07-27,5.74,5.74,5.41,5.45,15774300,5.124,,4.42,0.835,1.02958144796
2015-07-24,5.82,5.93,5.79,5.79,6910000,5.443,,4.42,0.835,1.09381221719
2015-07-23,6.1,6.1,5.84,5.95,10641000,5.594,,4.42,0.835,1.12403846154
2015-07-22,6.1,6.1,5.97,6.01,9782000,5.65,,4.42,0.835,1.13537330317
2015-07-21,6.04,6.1,5.93,6.09,9686600,5.726,,4.42,0.835,1.15048642534
2015-07-20,6.0,6.02,5.86,6.0,10672800,5.641,,4.42,0.835,1.1334841629
2015-07-17,6.01,6.04,5.82,5.93,18371500,5.575,,4.42,0.835,1.120260181
2015-07-16,5.64,5.73,5.51,5.73,14034000,5.387,,4.42,0.835,1.08247737557
2015-07-15,5.75,5.79,5.56,5.72,5992900,5.378,,4.42,0.835,1.08058823529
2015-07-14,5.8,5.9,5.72,5.74,9210800,5.396,,4.42,0.835,1.08436651584
2015-07-13,5.51,5.9,5.48,5.78,13110900,5.434,,4.42,0.835,1.09192307692
2015-07-10,5.46,5.85,5.46,5.59,16050800,5.255,,4.42,0.835,1.05602941176
2015-07-09,4.93,5.64,4.77,5.45,37413300,5.124,,4.42,0.835,1.02958144796
2015-07-08,5.25,5.3,4.73,4.93,38258800,4.635,,4.42,0.835,0.931346153846
2015-07-07,5.99,5.99,5.54,5.61,26705100,5.274,,4.42,0.835,1.05980769231
2015-07-06,6.44,6.47,5.8,6.04,25273000,5.679,,4.42,0.835,1.14104072398
2015-07-03,6.58,6.58,6.23,6.33,13118000,5.951,,4.42,0.835,1.19582579186
2015-07-02,6.4,6.58,6.17,6.53,23367500,6.139,,4.42,0.835,1.23360859729
2015-07-01,6.21,6.21,6.21,6.21,0,5.838,,4.42,0.835,1.1731561086
2015-06-30,5.93,6.27,5.93,6.21,20194700,5.838,3618.0,4.22,0.835,1.22875592417
2015-06-29,6.19,6.22,5.86,6.05,14604700,5.688,,4.22,0.835,1.1970971564
2015-06-26,6.36,6.36,6.07,6.12,8344500,5.754,,4.22,0.835,1.2109478673
2015-06-25,6.21,6.43,6.15,6.36,15296200,5.979,,4.22,0.835,1.25843601896
2015-06-24,6.24,6.24,6.15,6.17,6111100,5.801,,4.22,0.835,1.22084123223
2015-06-23,6.1,6.22,6.05,6.18,7227500,5.81,,4.22,0.835,1.22281990521
2015-06-22,6.15,6.3,6.15,6.21,7127100,5.6,,4.22,0.835,1.22875592417
2015-06-19,6.23,6.38,6.18,6.2,12236800,5.591,,4.22,0.835,1.22677725118
2015-06-18,6.15,6.29,6.1,6.23,6022400,5.618,,4.22,0.835,1.23271327014
2015-06-17,6.12,6.27,6.12,6.21,7247500,5.6,,4.22,0.835,1.22875592417
2015-06-16,6.35,6.51,6.12,6.12,9183200,5.519,,4.22,0.835,1.2109478673
2015-06-15,6.49,6.52,6.39,6.43,5366100,5.798,,4.22,0.835,1.27228672986
2015-06-12,6.35,6.5,6.35,6.49,5009400,5.852,,4.22,0.835,1.28415876777
2015-06-11,6.44,6.48,6.34,6.43,11373300,5.798,,4.22,0.835,1.27228672986
2015-06-10,6.23,6.42,6.23,6.38,17191000,5.753,,4.22,0.835,1.26239336493
2015-06-09,6.38,6.43,6.21,6.27,15046100,5.654,,4.22,0.835,1.24062796209
2015-06-08,6.15,6.39,6.15,6.33,14376000,5.708,,4.22,0.835,1.2525
2015-06-05,6.51,6.54,6.25,6.29,16557500,5.672,,4.22,0.835,1.24458530806
2015-06-04,6.5,6.59,6.31,6.43,20885800,5.798,,4.22,0.835,1.27228672986
2015-06-03,6.4,6.47,6.29,6.43,8249200,5.798,,4.22,0.835,1.27228672986
2015-06-02,6.39,6.4,6.28,6.33,4023000,5.708,,4.22,0.835,1.2525
2015-06-01,6.19,6.44,6.15,6.4,8274600,5.771,,4.22,0.835,1.2663507109
2015-05-29,6.31,6.41,6.23,6.3,15536900,5.681,,4.22,0.835,1.24656398104
2015-05-28,6.43,6.61,6.3,6.36,12836200,5.735,,4.22,0.835,1.25843601896
2015-05-27,6.5,6.63,6.4,6.43,8792800,5.798,,4.22,0.835,1.27228672986
2015-05-26,6.6,6.69,6.46,6.5,11985000,5.861,,4.22,0.835,1.28613744076
2015-05-25,6.44,6.44,6.44,6.44,0,5.807,,4.22,0.835,1.27426540284
2015-05-22,6.38,6.45,6.32,6.44,8583400,5.807,,4.22,0.835,1.27426540284
2015-05-21,6.4,6.5,6.29,6.31,12316900,5.69,,4.22,0.835,1.24854265403
2015-05-20,6.63,6.65,6.43,6.47,10265900,5.834,,4.22,0.835,1.2802014218
2015-05-19,6.46,6.59,6.31,6.58,5867300,5.934,,4.22,0.835,1.30196682464
2015-05-18,6.37,6.46,6.34,6.37,5326000,5.744,,4.22,0.835,1.26041469194
2015-05-15,6.34,6.44,6.22,6.37,9382000,5.744,,4.22,0.835,1.26041469194
2015-05-14,6.58,6.58,6.21,6.31,7294100,5.69,,4.22,0.835,1.24854265403
2015-05-13,6.4,6.56,6.34,6.42,10347100,5.789,,4.22,0.835,1.27030805687
2015-05-12,6.56,6.56,6.29,6.35,8478000,5.726,,4.22,0.835,1.25645734597
2015-05-11,6.54,6.54,6.34,6.49,8111600,5.852,,4.22,0.835,1.28415876777
2015-05-08,6.34,6.46,6.28,6.41,10063200,5.78,,4.22,0.835,1.26832938389
2015-05-07,6.24,6.27,6.11,6.17,16788000,5.564,,4.22,0.835,1.22084123223
2015-05-06,6.51,6.61,6.24,6.37,21152600,5.744,,4.22,0.835,1.26041469194
2015-05-05,6.82,6.9,6.58,6.6,11893300,5.952,,4.22,0.835,1.30592417062
2015-05-04,6.9,6.96,6.75,6.82,17909400,6.15,,4.22,0.835,1.3494549763
2015-05-01,6.94,6.94,6.94,6.94,0,6.258,,4.22,0.835,1.37319905213
2015-04-30,6.75,7.03,6.75,6.94,30282800,6.258,,4.22,0.835,1.37319905213
2015-04-29,6.8,6.92,6.73,6.77,13667800,6.105,,4.22,0.835,1.33956161137
2015-04-28,6.87,6.93,6.7,6.86,17138800,6.186,,4.22,0.835,1.35736966825
2015-04-27,6.54,6.8,6.54,6.71,15836700,6.051,,4.22,0.835,1.32768957346
2015-04-24,6.72,6.78,6.33,6.55,18062800,5.907,,4.22,0.835,1.29603080569
2015-04-23,6.8,6.99,6.59,6.66,17682000,6.006,,4.22,0.835,1.31779620853
2015-04-22,6.43,6.8,6.43,6.79,15149900,6.123,,4.22,0.835,1.34351895735
2015-04-21,6.39,6.58,6.36,6.57,19110700,5.925,,4.22,0.835,1.29998815166
2015-04-20,6.66,6.77,6.18,6.28,30904000,5.663,,4.22,0.835,1.24260663507
2015-04-17,6.49,6.58,6.42,6.48,20169000,5.843,,4.22,0.835,1.28218009479
2015-04-16,6.3,6.54,6.3,6.48,23080100,5.843,,4.22,0.835,1.28218009479
2015-04-15,6.12,6.59,6.12,6.55,53791300,5.907,,4.22,0.835,1.29603080569
2015-04-14,6.16,6.4,6.03,6.1,55461400,5.501,,4.22,0.835,1.20699052133
2015-04-13,5.86,6.16,5.86,6.05,69264500,5.456,,4.22,0.835,1.1970971564
2015-04-10,5.71,5.88,5.53,5.73,41488000,5.167,,4.22,0.835,1.13377962085
2015-04-09,5.8,5.98,5.53,5.54,58368300,4.996,,4.22,0.835,1.09618483412
2015-04-08,5.27,5.68,5.27,5.56,33528200,5.014,,4.22,0.835,1.10014218009
2015-04-07,5.22,5.22,5.22,5.22,0,4.707,,4.22,0.835,1.03286729858
2015-04-06,5.22,5.22,5.22,5.22,0,4.707,,4.22,0.835,1.03286729858
2015-04-03,5.22,5.22,5.22,5.22,0,4.707,,4.22,0.835,1.03286729858
2015-04-02,5.13,5.25,5.12,5.22,13355000,4.707,,4.22,0.835,1.03286729858
2015-04-01,5.0,5.14,5.0,5.12,14619000,4.617,,4.22,0.835,1.01308056872
2015-03-31,5.03,5.07,5.0,5.03,12291400,4.536,3618.0,4.45,0.835,0.943831460674
2015-03-30,4.78,4.97,4.75,4.95,13046100,4.464,,4.45,0.835,0.928820224719
2015-03-27,4.65,4.74,4.63,4.72,4599500,4.256,,4.45,0.835,0.885662921348
2015-03-26,4.68,4.8,4.66,4.69,5307700,4.229,,4.45,0.835,0.880033707865
2015-03-25,4.88,4.88,4.71,4.74,6013000,4.274,,4.45,0.835,0.889415730337
2015-03-24,4.9,4.94,4.81,4.83,4022000,4.355,,4.45,0.835,0.906303370787
2015-03-23,4.9,4.92,4.85,4.9,3265000,4.419,,4.45,0.835,0.919438202247
2015-03-20,4.97,4.97,4.84,4.9,12523000,4.419,,4.45,0.835,0.919438202247
2015-03-19,4.98,5.05,4.92,4.94,8376800,4.455,,4.45,0.835,0.926943820225
2015-03-18,4.89,4.98,4.87,4.92,18031800,4.437,,4.45,0.835,0.923191011236
2015-03-17,4.96,4.98,4.84,4.87,9196700,4.392,,4.45,0.835,0.913808988764
2015-03-16,4.8,4.94,4.77,4.9,14574700,4.419,,4.45,0.835,0.919438202247
2015-03-13,4.66,4.82,4.66,4.8,18924800,4.328,,4.45,0.835,0.900674157303
2015-03-12,4.67,4.76,4.57,4.68,9109000,4.22,,4.45,0.835,0.878157303371
2015-03-11,4.52,4.69,4.49,4.65,16904800,4.193,,4.45,0.835,0.872528089888
2015-03-10,4.59,4.63,4.52,4.52,5195100,4.076,,4.45,0.835,0.848134831461
2015-03-09,4.52,4.63,4.43,4.61,5860100,4.157,,4.45,0.835,0.86502247191
2015-03-06,4.64,4.66,4.53,4.58,6109000,4.13,,4.45,0.835,0.859393258427
2015-03-05,4.7,4.7,4.57,4.58,7165500,4.13,,4.45,0.835,0.859393258427
2015-03-04,4.79,4.79,4.65,4.68,5525500,4.22,,4.45,0.835,0.878157303371
2015-03-03,4.84,4.84,4.73,4.75,6072200,4.283,,4.45,0.835,0.891292134831
2015-03-02,4.78,4.83,4.71,4.8,6880000,4.328,,4.45,0.835,0.900674157303
2015-02-27,4.85,4.86,4.81,4.83,2302200,4.355,,4.45,0.835,0.906303370787
2015-02-26,4.8,4.85,4.72,4.84,2919000,4.365,,4.45,0.835,0.908179775281
2015-02-25,4.88,4.88,4.72,4.8,4991000,4.328,,4.45,0.835,0.900674157303
2015-02-24,4.8,4.93,4.8,4.8,12191000,4.328,,4.45,0.835,0.900674157303
2015-02-23,4.67,4.76,4.67,4.75,6495800,4.283,,4.45,0.835,0.891292134831
2015-02-20,4.66,4.66,4.66,4.66,0,4.202,,4.45,0.835,0.874404494382
2015-02-19,4.66,4.66,4.66,4.66,0,4.202,,4.45,0.835,0.874404494382
2015-02-18,4.73,4.73,4.63,4.66,1931700,4.202,,4.45,0.835,0.874404494382
2015-02-17,4.63,4.71,4.63,4.71,3440000,4.247,,4.45,0.835,0.883786516854
2015-02-16,4.76,4.76,4.63,4.65,9395000,4.193,,4.45,0.835,0.872528089888
2015-02-13,4.77,4.77,4.72,4.77,6281200,4.301,,4.45,0.835,0.89504494382
2015-02-12,4.63,4.78,4.63,4.77,6905000,4.301,,4.45,0.835,0.89504494382
2015-02-11,4.66,4.75,4.62,4.65,4503800,4.193,,4.45,0.835,0.872528089888
2015-02-10,4.71,4.71,4.63,4.63,7721000,4.175,,4.45,0.835,0.868775280899
2015-02-09,4.58,4.76,4.58,4.69,4792900,4.229,,4.45,0.835,0.880033707865
2015-02-06,4.8,4.8,4.6,4.67,6460100,4.211,,4.45,0.835,0.876280898876
2015-02-05,4.8,4.86,4.67,4.7,21808000,4.238,,4.45,0.835,0.88191011236
2015-02-04,4.63,4.66,4.53,4.61,9214100,4.157,,4.45,0.835,0.86502247191
2015-02-03,4.66,4.68,4.44,4.57,15552000,4.121,,4.45,0.835,0.857516853933
2015-02-02,4.59,4.73,4.58,4.65,11410900,4.193,,4.45,0.835,0.872528089888
2015-01-30,4.69,4.78,4.65,4.76,8143600,4.292,,4.45,0.835,0.893168539326
2015-01-29,4.71,4.76,4.61,4.62,8872100,4.166,,4.45,0.835,0.866898876404
2015-01-28,4.79,4.86,4.75,4.78,2650100,4.31,,4.45,0.835,0.896921348315
2015-01-27,4.86,4.9,4.77,4.79,5594500,4.319,,4.45,0.835,0.898797752809
2015-01-26,4.87,4.95,4.84,4.92,7112000,4.437,,4.45,0.835,0.923191011236
2015-01-23,4.9,4.95,4.84,4.89,10640200,4.41,,4.45,0.835,0.917561797753
2015-01-22,4.78,4.81,4.72,4.79,7377300,4.319,,4.45,0.835,0.898797752809
2015-01-21,4.66,4.77,4.65,4.72,7807700,4.256,,4.45,0.835,0.885662921348
2015-01-20,4.48,4.64,4.48,4.61,13669900,4.157,,4.45,0.835,0.86502247191
2015-01-19,4.9,4.9,4.41,4.51,13839000,4.067,,4.45,0.835,0.846258426966
2015-01-16,4.9,4.98,4.87,4.91,6543000,4.428,,4.45,0.835,0.921314606742
2015-01-15,4.85,4.96,4.85,4.91,7619000,4.428,,4.45,0.835,0.921314606742
2015-01-14,4.95,4.99,4.82,4.86,14275000,4.383,,4.45,0.835,0.91193258427
2015-01-13,4.9,4.92,4.84,4.9,3095000,4.419,,4.45,0.835,0.919438202247
2015-01-12,4.95,4.99,4.8,4.85,6016000,4.374,,4.45,0.835,0.910056179775
2015-01-09,4.98,5.01,4.9,4.93,10909000,4.446,,4.45,0.835,0.92506741573
2015-01-08,5.08,5.08,4.95,4.98,9190600,4.491,,4.45,0.835,0.934449438202
2015-01-07,4.8,5.09,4.8,4.94,19486400,4.455,,4.45,0.835,0.926943820225
2015-01-06,4.91,4.95,4.81,4.89,7216300,4.41,,4.45,0.835,0.917561797753
2015-01-05,4.91,4.96,4.87,4.95,9220800,4.464,,4.45,0.835,0.928820224719
2015-01-02,4.85,4.92,4.77,4.91,5982000,4.428,,4.45,0.835,0.921314606742
2015-01-01,4.83,4.83,4.83,4.83,0,4.355,,4.45,0.835,0.906303370787
2014-12-31,4.73,4.84,4.68,4.83,11061500,4.355,3618.0,4.3,0.835,0.937918604651
2014-12-30,4.8,4.82,4.67,4.7,10707100,4.238,,4.3,0.835,0.912674418605
2014-12-29,4.82,4.88,4.77,4.81,9561300,4.337,,4.3,0.835,0.934034883721
2014-12-26,4.75,4.75,4.75,4.75,0,4.283,,4.3,0.835,0.92238372093
2014-12-25,4.75,4.75,4.75,4.75,0,4.283,,4.3,0.835,0.92238372093
2014-12-24,4.78,4.79,4.75,4.75,3482200,4.283,,4.3,0.835,0.92238372093
2014-12-23,4.73,4.84,4.68,4.82,9451000,4.346,,4.3,0.835,0.935976744186
2014-12-22,4.7,4.82,4.64,4.76,5987000,4.292,,4.3,0.835,0.924325581395
2014-12-19,4.7,4.73,4.62,4.67,6551300,4.211,,4.3,0.835,0.906848837209
2014-12-18,4.75,4.75,4.62,4.65,10567500,4.193,,4.3,0.835,0.902965116279
2014-12-17,4.55,4.66,4.5,4.61,15345600,4.157,,4.3,0.835,0.895197674419
2014-12-16,4.58,4.65,4.49,4.52,12800200,4.076,,4.3,0.835,0.877720930233
2014-12-15,4.7,4.7,4.56,4.6,8905800,4.148,,4.3,0.835,0.893255813953
2014-12-12,4.51,4.75,4.5,4.72,29863000,4.256,,4.3,0.835,0.916558139535
2014-12-11,4.6,4.6,4.44,4.53,5600500,4.085,,4.3,0.835,0.879662790698
2014-12-10,4.56,4.59,4.42,4.58,10618400,4.13,,4.3,0.835,0.889372093023
2014-12-09,4.65,4.68,4.41,4.48,15250700,4.04,,4.3,0.835,0.869953488372
2014-12-08,4.57,4.68,4.51,4.65,13304300,4.193,,4.3,0.835,0.902965116279
2014-12-05,4.48,4.59,4.34,4.53,29831500,4.085,,4.3,0.835,0.879662790698
2014-12-04,4.32,4.49,4.32,4.44,17250200,4.004,,4.3,0.835,0.862186046512
2014-12-03,4.5,4.59,4.29,4.39,12206100,3.959,,4.3,0.835,0.852476744186
2014-12-02,4.25,4.49,4.17,4.46,18545700,4.022,,4.3,0.835,0.866069767442
2014-12-01,4.32,4.38,4.17,4.18,10741000,3.769,,4.3,0.835,0.811697674419
2014-11-28,4.28,4.45,4.23,4.39,17923000,3.959,,4.3,0.835,0.852476744186
2014-11-27,4.3,4.3,4.19,4.23,3744000,3.814,,4.3,0.835,0.821406976744
2014-11-26,4.11,4.29,4.07,4.27,12815500,3.851,,4.3,0.835,0.829174418605
2014-11-25,4.09,4.16,4.07,4.08,12485200,3.679,,4.3,0.835,0.792279069767
2014-11-24,4.25,4.29,4.05,4.16,14122000,3.751,,4.3,0.835,0.807813953488
2014-11-21,4.09,4.22,4.06,4.19,18236400,3.778,,4.3,0.835,0.813639534884
2014-11-20,4.2,4.21,4.06,4.08,9349900,3.679,,4.3,0.835,0.792279069767
2014-11-19,4.13,4.22,4.13,4.21,4653300,3.796,,4.3,0.835,0.817523255814
2014-11-18,4.2,4.29,4.15,4.2,14084000,3.787,,4.3,0.835,0.815581395349
2014-11-17,4.3,4.36,4.13,4.15,5747000,3.742,,4.3,0.835,0.805872093023
2014-11-14,4.35,4.35,4.26,4.31,9063500,3.887,,4.3,0.835,0.836941860465
2014-11-13,4.34,4.41,4.27,4.27,8406900,3.851,,4.3,0.835,0.829174418605
2014-11-12,4.36,4.41,4.31,4.39,12910000,3.959,,4.3,0.835,0.852476744186
2014-11-11,4.27,4.41,4.25,4.34,19906700,3.914,,4.3,0.835,0.84276744186
2014-11-10,4.15,4.28,4.12,4.27,23673000,3.851,,4.3,0.835,0.829174418605
2014-11-07,4.01,4.15,4.01,4.13,21041000,3.724,,4.3,0.835,0.801988372093
2014-11-06,4.08,4.11,4.01,4.07,17203600,3.67,,4.3,0.835,0.790337209302
2014-11-05,4.0,4.07,3.98,4.07,19369600,3.67,,4.3,0.835,0.790337209302
2014-11-04,3.87,4.07,3.87,4.03,52878000,3.634,,4.3,0.835,0.782569767442
2014-11-03,3.75,3.88,3.75,3.87,28317000,3.49,,4.3,0.835,0.7515
2014-10-31,3.66,3.76,3.64,3.73,11945700,3.364,,4.3,0.835,0.724313953488
2014-10-30,3.71,3.74,3.62,3.64,6480000,3.282,,4.3,0.835,0.706837209302
2014-10-29,3.73,3.73,3.68,3.71,4727000,3.346,,4.3,0.835,0.720430232558
2014-10-28,3.65,3.72,3.65,3.72,3981000,3.355,,4.3,0.835,0.722372093023
2014-10-27,3.73,3.73,3.62,3.65,3267900,3.291,,4.3,0.835,0.708779069767
2014-10-24,3.73,3.74,3.67,3.73,6585000,3.364,,4.3,0.835,0.724313953488
2014-10-23,3.69,3.72,3.67,3.7,5691200,3.337,,4.3,0.835,0.718488372093
2014-10-22,3.68,3.69,3.64,3.67,3097000,3.309,,4.3,0.835,0.712662790698
2014-10-21,3.64,3.68,3.63,3.66,5344400,3.3,,4.3,0.835,0.710720930233
2014-10-20,3.58,3.65,3.58,3.64,3476300,3.282,,4.3,0.835,0.706837209302
2014-10-17,3.63,3.63,3.56,3.61,9925800,3.255,,4.3,0.835,0.701011627907
2014-10-16,3.55,3.64,3.54,3.63,13499000,3.273,,4.3,0.835,0.704895348837
2014-10-15,3.5,3.59,3.5,3.58,5675000,3.228,,4.3,0.835,0.695186046512
2014-10-14,3.46,3.55,3.46,3.51,2630000,3.165,,4.3,0.835,0.681593023256
2014-10-13,3.5,3.51,3.47,3.49,9291100,3.147,,4.3,0.835,0.677709302326
2014-10-10,3.55,3.58,3.44,3.52,13224000,3.174,,4.3,0.835,0.683534883721
2014-10-09,3.59,3.63,3.55,3.55,9643800,3.201,,4.3,0.835,0.689360465116
2014-10-08,3.59,3.62,3.57,3.59,4129000,3.237,,4.3,0.835,0.697127906977
2014-10-07,3.65,3.65,3.6,3.64,4108000,3.282,,4.3,0.835,0.706837209302
2014-10-06,3.5,3.65,3.5,3.64,12200300,3.282,,4.3,0.835,0.706837209302
2014-10-03,3.49,3.57,3.47,3.53,10109300,3.183,,4.3,0.835,0.685476744186
2014-10-02,3.52,3.52,3.52,3.52,0,3.174,,4.3,0.835,0.683534883721
2014-10-01,3.52,3.52,3.52,3.52,0,3.174,,4.3,0.835,0.683534883721
2014-09-30,3.55,3.6,3.51,3.52,11631000,3.174,3618.0,3.82,0.835,0.76942408377
2014-09-29,3.51,3.59,3.51,3.59,9678000,3.237,,3.82,0.835,0.78472513089
2014-09-26,3.57,3.62,3.57,3.61,5374000,3.255,,3.82,0.835,0.789096858639
2014-09-25,3.67,3.67,3.59,3.59,7792900,3.237,,3.82,0.835,0.78472513089
2014-09-24,3.55,3.67,3.55,3.66,7205000,3.3,,3.82,0.835,0.80002617801
2014-09-23,3.59,3.63,3.56,3.56,6637700,3.21,,3.82,0.835,0.778167539267
2014-09-22,3.67,3.67,3.59,3.6,8541900,3.246,,3.82,0.835,0.786910994764
2014-09-19,3.65,3.69,3.63,3.65,5301100,3.291,,3.82,0.835,0.797840314136
2014-09-18,3.7,3.7,3.62,3.65,8666200,3.291,,3.82,0.835,0.797840314136
2014-09-17,3.71,3.73,3.67,3.71,4866000,3.346,,3.82,0.835,0.810955497382
2014-09-16,3.64,3.71,3.63,3.66,6505000,3.3,,3.82,0.835,0.80002617801
2014-09-15,3.78,3.78,3.65,3.66,11859200,3.3,,3.82,0.835,0.80002617801
2014-09-12,3.76,3.8,3.75,3.79,9051200,3.418,,3.82,0.835,0.828442408377
2014-09-11,3.79,3.79,3.74,3.79,6607200,3.418,,3.82,0.835,0.828442408377
2014-09-10,3.82,3.82,3.74,3.76,10478000,3.391,,3.82,0.835,0.821884816754
2014-09-09,3.81,3.81,3.81,3.81,0,3.436,,3.82,0.835,0.832814136126
2014-09-08,3.84,3.86,3.78,3.81,11561000,3.436,,3.82,0.835,0.832814136126
2014-09-05,3.86,3.9,3.86,3.88,7034100,3.499,,3.82,0.835,0.848115183246
2014-09-04,3.85,3.91,3.85,3.86,8274500,3.481,,3.82,0.835,0.843743455497
2014-09-03,3.81,3.87,3.79,3.86,16872000,3.481,,3.82,0.835,0.843743455497
2014-09-02,3.92,3.92,3.79,3.83,9749000,3.454,,3.82,0.835,0.837185863874
2014-09-01,3.86,3.93,3.84,3.92,9978000,3.535,,3.82,0.835,0.856858638743
2014-08-29,3.82,3.86,3.81,3.85,9154000,3.472,,3.82,0.835,0.841557591623
2014-08-28,3.92,3.92,3.82,3.85,12081000,3.472,,3.82,0.835,0.841557591623
2014-08-27,3.85,3.94,3.85,3.91,11127000,3.526,,3.82,0.835,0.854672774869
2014-08-26,3.86,3.9,3.82,3.9,7272000,3.517,,3.82,0.835,0.852486910995
2014-08-25,3.82,3.86,3.79,3.85,7990000,3.472,,3.82,0.835,0.841557591623
2014-08-22,3.86,3.86,3.76,3.81,9174000,3.436,,3.82,0.835,0.832814136126
2014-08-21,3.84,3.84,3.74,3.81,9773000,3.436,,3.82,0.835,0.832814136126
2014-08-20,3.8,3.84,3.8,3.84,5005700,3.463,,3.82,0.835,0.839371727749
2014-08-19,3.8,3.85,3.77,3.82,13610000,3.445,,3.82,0.835,0.835
2014-08-18,3.99,3.99,3.75,3.76,33210200,3.391,,3.82,0.835,0.821884816754
2014-08-15,4.08,4.08,3.99,4.0,5841100,3.607,,3.82,0.835,0.874345549738
2014-08-14,4.04,4.07,3.98,4.06,14519000,3.661,,3.82,0.835,0.887460732984
2014-08-13,3.9,4.02,3.89,4.02,16319000,3.625,,3.82,0.835,0.878717277487
2014-08-12,3.92,3.95,3.9,3.92,7284300,3.535,,3.82,0.835,0.856858638743
2014-08-11,3.85,3.94,3.81,3.92,6254100,3.535,,3.82,0.835,0.856858638743
2014-08-08,3.9,3.9,3.76,3.79,5849300,3.418,,3.82,0.835,0.828442408377
2014-08-07,3.95,3.96,3.87,3.88,8516500,3.499,,3.82,0.835,0.848115183246
2014-08-06,3.91,3.95,3.83,3.93,12300000,3.544,,3.82,0.835,0.859044502618
2014-08-05,3.9,3.9,3.84,3.89,8773000,3.508,,3.82,0.835,0.85030104712
2014-08-04,3.84,3.89,3.8,3.87,10273600,3.49,,3.82,0.835,0.845929319372
2014-08-01,3.82,3.84,3.78,3.8,6693200,3.427,,3.82,0.835,0.830628272251
2014-07-31,3.87,3.87,3.8,3.86,12642000,3.481,,3.82,0.835,0.843743455497
2014-07-30,3.89,3.9,3.83,3.87,18984000,3.49,,3.82,0.835,0.845929319372
2014-07-29,3.88,3.88,3.8,3.85,20187000,3.472,,3.82,0.835,0.841557591623
2014-07-28,3.78,3.85,3.77,3.83,16923500,3.454,,3.82,0.835,0.837185863874
2014-07-25,3.76,3.77,3.74,3.75,9204300,3.382,,3.82,0.835,0.81969895288
2014-07-24,3.7,3.77,3.68,3.73,8949000,3.364,,3.82,0.835,0.815327225131
2014-07-23,3.63,3.68,3.61,3.67,6566000,3.309,,3.82,0.835,0.802212041885
2014-07-22,3.59,3.62,3.55,3.62,9889200,3.264,,3.82,0.835,0.791282722513
2014-07-21,3.58,3.58,3.54,3.57,3479000,3.219,,3.82,0.835,0.780353403141
2014-07-18,3.5,3.56,3.5,3.56,3979000,3.21,,3.82,0.835,0.778167539267
2014-07-17,3.54,3.56,3.5,3.53,5050000,3.183,,3.82,0.835,0.771609947644
2014-07-16,3.53,3.55,3.5,3.53,6181800,3.183,,3.82,0.835,0.771609947644
2014-07-15,3.56,3.58,3.51,3.54,4713000,3.192,,3.82,0.835,0.773795811518
2014-07-14,3.57,3.58,3.52,3.56,3193000,3.21,,3.82,0.835,0.778167539267
2014-07-11,3.52,3.56,3.52,3.55,5662000,3.201,,3.82,0.835,0.775981675393
2014-07-10,3.55,3.55,3.5,3.54,3203000,3.192,,3.82,0.835,0.773795811518
2014-07-09,3.56,3.58,3.5,3.54,6064000,3.192,,3.82,0.835,0.773795811518
2014-07-08,3.6,3.6,3.57,3.58,6440000,3.228,,3.82,0.835,0.782539267016
2014-07-07,3.61,3.63,3.58,3.62,5531000,3.264,,3.82,0.835,0.791282722513
2014-07-04,3.68,3.68,3.61,3.62,4057100,3.264,,3.82,0.835,0.791282722513
2014-07-03,3.66,3.67,3.61,3.64,4270100,3.282,,3.82,0.835,0.795654450262
2014-07-02,3.6,3.65,3.59,3.63,9251700,3.273,,3.82,0.835,0.793468586387
2014-07-01,3.58,3.58,3.58,3.58,0,3.228,,3.82,0.835,0.782539267016
2014-06-30,3.57,3.59,3.53,3.58,8162000,3.228,3618.0,4.1,0.835,0.729097560976
2014-06-27,3.6,3.6,3.54,3.57,5622800,3.219,,4.1,0.835,0.72706097561
2014-06-26,3.55,3.6,3.55,3.59,10785000,3.237,,4.1,0.835,0.731134146341
2014-06-25,3.54,3.57,3.49,3.55,10570000,3.201,,4.1,0.835,0.722987804878
2014-06-24,3.48,3.54,3.48,3.5,8963000,3.156,,4.1,0.835,0.712804878049
2014-06-23,3.58,3.58,3.45,3.46,9489700,3.12,,4.1,0.835,0.704658536585
2014-06-20,3.53,3.57,3.51,3.57,8249300,3.219,,4.1,0.835,0.72706097561
2014-06-19,3.55,3.56,3.5,3.54,9069100,3.192,,4.1,0.835,0.720951219512
2014-06-18,3.58,3.58,3.52,3.53,11467500,3.183,,4.1,0.835,0.718914634146
2014-06-17,3.61,3.61,3.52,3.54,6593000,3.192,,4.1,0.835,0.720951219512
2014-06-16,3.6,3.6,3.55,3.59,11624900,3.237,,4.1,0.835,0.731134146341
2014-06-13,3.58,3.6,3.54,3.58,7424000,3.228,,4.1,0.835,0.729097560976
2014-06-12,3.6,3.6,3.54,3.58,11053000,3.228,,4.1,0.835,0.729097560976
2014-06-11,3.62,3.62,3.55,3.59,9359600,3.237,,4.1,0.835,0.731134146341
2014-06-10,3.52,3.6,3.48,3.6,19301000,3.246,,4.1,0.835,0.733170731707
2014-06-09,3.47,3.48,3.45,3.47,3608900,3.129,,4.1,0.835,0.706695121951
2014-06-06,3.46,3.49,3.42,3.47,11924000,3.129,,4.1,0.835,0.706695121951
2014-06-05,3.48,3.48,3.4,3.46,9233000,3.12,,4.1,0.835,0.704658536585
2014-06-04,3.69,3.72,3.65,3.7,24353300,3.121,,4.1,0.835,0.753536585366
2014-06-03,3.67,3.73,3.6,3.68,25096400,3.104,,4.1,0.835,0.749463414634
2014-06-02,3.58,3.58,3.58,3.58,0,3.02,,4.1,0.835,0.729097560976
2014-05-30,3.58,3.6,3.57,3.58,8233100,3.02,,4.1,0.835,0.729097560976
2014-05-29,3.55,3.58,3.55,3.57,6482300,3.012,,4.1,0.835,0.72706097561
2014-05-28,3.55,3.58,3.54,3.57,8287000,3.012,,4.1,0.835,0.72706097561
2014-05-27,3.56,3.56,3.52,3.54,2254000,2.986,,4.1,0.835,0.720951219512
2014-05-26,3.6,3.6,3.5,3.55,7060000,2.995,,4.1,0.835,0.722987804878
2014-05-23,3.55,3.59,3.53,3.58,7566000,3.02,,4.1,0.835,0.729097560976
2014-05-22,3.5,3.57,3.47,3.55,7491200,2.995,,4.1,0.835,0.722987804878
2014-05-21,3.5,3.5,3.45,3.49,4954000,2.944,,4.1,0.835,0.710768292683
2014-05-20,3.47,3.52,3.46,3.48,4850000,2.936,,4.1,0.835,0.708731707317
2014-05-19,3.46,3.48,3.41,3.46,5428700,2.919,,4.1,0.835,0.704658536585
2014-05-16,3.45,3.46,3.43,3.44,3111000,2.902,,4.1,0.835,0.700585365854
2014-05-15,3.48,3.48,3.45,3.47,5493800,2.927,,4.1,0.835,0.706695121951
2014-05-14,3.39,3.48,3.39,3.47,6602500,2.927,,4.1,0.835,0.706695121951
2014-05-13,3.4,3.42,3.39,3.4,4808300,2.868,,4.1,0.835,0.69243902439
2014-05-12,3.34,3.41,3.33,3.4,8547000,2.868,,4.1,0.835,0.69243902439
2014-05-09,3.35,3.37,3.33,3.34,4990000,2.818,,4.1,0.835,0.680219512195
2014-05-08,3.37,3.4,3.34,3.35,7432000,2.826,,4.1,0.835,0.682256097561
2014-05-07,3.4,3.4,3.33,3.34,12835000,2.818,,4.1,0.835,0.680219512195
2014-05-06,3.4,3.4,3.4,3.4,0,2.868,,4.1,0.835,0.69243902439
2014-05-05,3.4,3.42,3.4,3.4,8108000,2.868,,4.1,0.835,0.69243902439
2014-05-02,3.4,3.41,3.38,3.4,3847000,2.868,,4.1,0.835,0.69243902439
2014-05-01,3.4,3.4,3.4,3.4,0,2.868,,4.1,0.835,0.69243902439
2014-04-30,3.39,3.4,3.37,3.4,5611000,2.868,,4.1,0.835,0.69243902439
2014-04-29,3.36,3.39,3.35,3.39,4024400,2.86,,4.1,0.835,0.690402439024
2014-04-28,3.35,3.37,3.32,3.34,5253400,2.818,,4.1,0.835,0.680219512195
2014-04-25,3.4,3.4,3.34,3.35,6352000,2.826,,4.1,0.835,0.682256097561
2014-04-24,3.4,3.41,3.37,3.4,6971000,2.868,,4.1,0.835,0.69243902439
2014-04-23,3.46,3.46,3.34,3.37,13117500,2.843,,4.1,0.835,0.686329268293
2014-04-22,3.4,3.49,3.37,3.47,21823000,2.927,,4.1,0.835,0.706695121951
2014-04-21,3.43,3.43,3.43,3.43,0,2.893,,4.1,0.835,0.698548780488
2014-04-18,3.43,3.43,3.43,3.43,0,2.893,,4.1,0.835,0.698548780488
2014-04-17,3.55,3.57,3.41,3.43,10844800,2.893,,4.1,0.835,0.698548780488
2014-04-16,3.4,3.45,3.4,3.43,4742800,2.893,,4.1,0.835,0.698548780488
2014-04-15,3.54,3.54,3.4,3.41,9650000,2.877,,4.1,0.835,0.694475609756
2014-04-14,3.48,3.53,3.46,3.53,5714600,2.978,,4.1,0.835,0.718914634146
2014-04-11,3.55,3.55,3.46,3.48,17905100,2.936,,4.1,0.835,0.708731707317
2014-04-10,3.56,3.58,3.49,3.54,18204100,2.986,,4.1,0.835,0.720951219512
2014-04-09,3.58,3.6,3.55,3.58,9769800,3.02,,4.1,0.835,0.729097560976
2014-04-08,3.45,3.57,3.42,3.57,15029000,3.012,,4.1,0.835,0.72706097561
2014-04-07,3.44,3.48,3.41,3.47,9502800,2.927,,4.1,0.835,0.706695121951
2014-04-04,3.44,3.46,3.41,3.44,5046000,2.902,,4.1,0.835,0.700585365854
2014-04-03,3.42,3.47,3.42,3.46,11007600,2.919,,4.1,0.835,0.704658536585
2014-04-02,3.47,3.47,3.4,3.44,10421000,2.902,,4.1,0.835,0.700585365854
2014-04-01,3.36,3.46,3.36,3.46,15493100,2.919,,4.1,0.835,0.704658536585
2014-03-31,3.42,3.42,3.34,3.4,12589600,2.868,3618.0,3.9,0.835,0.727948717949
2014-03-28,3.35,3.43,3.29,3.4,19187600,2.868,,3.9,0.835,0.727948717949
2014-03-27,3.28,3.34,3.26,3.32,12522000,2.801,,3.9,0.835,0.710820512821
2014-03-26,3.23,3.32,3.21,3.31,10753000,2.792,,3.9,0.835,0.708679487179
2014-03-25,3.21,3.24,3.19,3.19,7294100,2.691,,3.9,0.835,0.682987179487
2014-03-24,3.25,3.28,3.2,3.23,11688500,2.725,,3.9,0.835,0.691551282051
2014-03-21,3.1,3.26,3.1,3.24,11860400,2.733,,3.9,0.835,0.693692307692
2014-03-20,3.1,3.16,3.08,3.1,13228000,2.615,,3.9,0.835,0.663717948718
2014-03-19,3.15,3.17,3.11,3.11,5984000,2.623,,3.9,0.835,0.665858974359
2014-03-18,3.11,3.15,3.1,3.13,5411000,2.64,,3.9,0.835,0.670141025641
2014-03-17,3.11,3.13,3.09,3.12,4895700,2.632,,3.9,0.835,0.668
2014-03-14,3.11,3.15,3.08,3.11,8888500,2.623,,3.9,0.835,0.665858974359
2014-03-13,3.13,3.19,3.12,3.13,13345600,2.64,,3.9,0.835,0.670141025641
2014-03-12,3.16,3.19,3.11,3.11,13369000,2.623,,3.9,0.835,0.665858974359
2014-03-11,3.15,3.2,3.15,3.17,9538000,2.674,,3.9,0.835,0.678705128205
2014-03-10,3.23,3.25,3.14,3.16,18162500,2.666,,3.9,0.835,0.676564102564
2014-03-07,3.23,3.29,3.22,3.28,9361000,2.767,,3.9,0.835,0.702256410256
2014-03-06,3.17,3.23,3.17,3.21,13336000,2.708,,3.9,0.835,0.687269230769
2014-03-05,3.21,3.23,3.17,3.17,8212300,2.674,,3.9,0.835,0.678705128205
2014-03-04,3.2,3.21,3.17,3.19,18814000,2.691,,3.9,0.835,0.682987179487
2014-03-03,3.22,3.25,3.2,3.22,12019000,2.716,,3.9,0.835,0.68941025641
2014-02-28,3.29,3.3,3.23,3.24,17354300,2.733,,3.9,0.835,0.693692307692
2014-02-27,3.26,3.29,3.24,3.27,11995400,2.758,,3.9,0.835,0.700115384615
2014-02-26,3.22,3.25,3.2,3.24,11803600,2.733,,3.9,0.835,0.693692307692
2014-02-25,3.27,3.3,3.23,3.24,12765000,2.733,,3.9,0.835,0.693692307692
2014-02-24,3.37,3.37,3.24,3.27,15043000,2.758,,3.9,0.835,0.700115384615
2014-02-21,3.37,3.4,3.31,3.33,10240000,2.809,,3.9,0.835,0.712961538462
2014-02-20,3.45,3.5,3.32,3.35,19969100,2.826,,3.9,0.835,0.717243589744
2014-02-19,3.42,3.52,3.4,3.45,12494000,2.91,,3.9,0.835,0.738653846154
2014-02-18,3.4,3.45,3.4,3.43,5962100,2.893,,3.9,0.835,0.734371794872
2014-02-17,3.45,3.47,3.39,3.41,12563000,2.877,,3.9,0.835,0.73008974359
2014-02-14,3.48,3.48,3.41,3.42,4668000,2.885,,3.9,0.835,0.732230769231
2014-02-13,3.45,3.48,3.39,3.44,14339100,2.902,,3.9,0.835,0.736512820513
2014-02-12,3.39,3.45,3.36,3.45,22557700,2.91,,3.9,0.835,0.738653846154
2014-02-11,3.3,3.38,3.27,3.37,19634200,2.843,,3.9,0.835,0.721525641026
2014-02-10,3.26,3.3,3.26,3.29,5757700,2.775,,3.9,0.835,0.704397435897
2014-02-07,3.28,3.31,3.26,3.28,8017300,2.767,,3.9,0.835,0.702256410256
2014-02-06,3.22,3.28,3.21,3.27,5692700,2.758,,3.9,0.835,0.700115384615
2014-02-05,3.24,3.3,3.2,3.22,5678600,2.716,,3.9,0.835,0.68941025641
2014-02-04,3.22,3.28,3.22,3.24,11270200,2.733,,3.9,0.835,0.693692307692
2014-02-03,3.29,3.29,3.29,3.29,0,2.775,,3.9,0.835,0.704397435897
2014-01-31,3.29,3.29,3.29,3.29,0,2.775,,3.9,0.835,0.704397435897
2014-01-30,3.24,3.31,3.24,3.29,7999000,2.775,,3.9,0.835,0.704397435897
2014-01-29,3.26,3.34,3.26,3.31,14444200,2.792,,3.9,0.835,0.708679487179
2014-01-28,3.21,3.3,3.21,3.27,9834800,2.758,,3.9,0.835,0.700115384615
2014-01-27,3.25,3.27,3.22,3.24,12449300,2.733,,3.9,0.835,0.693692307692
2014-01-24,3.34,3.35,3.3,3.31,23987000,2.792,,3.9,0.835,0.708679487179
2014-01-23,3.46,3.47,3.35,3.37,18368200,2.843,,3.9,0.835,0.721525641026
2014-01-22,3.47,3.49,3.41,3.46,17593000,2.919,,3.9,0.835,0.740794871795
2014-01-21,3.42,3.49,3.41,3.45,10996800,2.91,,3.9,0.835,0.738653846154
2014-01-20,3.41,3.43,3.37,3.4,7338700,2.868,,3.9,0.835,0.727948717949
2014-01-17,3.43,3.46,3.4,3.42,8392200,2.885,,3.9,0.835,0.732230769231
2014-01-16,3.44,3.46,3.36,3.44,12446800,2.902,,3.9,0.835,0.736512820513
2014-01-15,3.45,3.49,3.41,3.41,9517500,2.877,,3.9,0.835,0.73008974359
2014-01-14,3.5,3.52,3.43,3.45,16934900,2.91,,3.9,0.835,0.738653846154
2014-01-13,3.57,3.57,3.47,3.51,13651200,2.961,,3.9,0.835,0.7515
2014-01-10,3.52,3.55,3.51,3.54,6497900,2.986,,3.9,0.835,0.757923076923
2014-01-09,3.58,3.61,3.53,3.54,10289900,2.986,,3.9,0.835,0.757923076923
2014-01-08,3.57,3.63,3.52,3.62,9522900,3.054,,3.9,0.835,0.775051282051
2014-01-07,3.57,3.64,3.52,3.55,11078000,2.995,,3.9,0.835,0.760064102564
2014-01-06,3.64,3.66,3.53,3.6,11561000,3.037,,3.9,0.835,0.770769230769
2014-01-03,3.69,3.69,3.64,3.64,13297000,3.071,,3.9,0.835,0.779333333333
2014-01-02,3.76,3.78,3.71,3.71,9352000,3.13,,3.9,0.835,0.794320512821
2014-01-01,3.76,3.76,3.76,3.76,0,3.172,,3.9,0.835,0.805025641026
2013-12-31,3.73,3.77,3.7,3.76,2297900,3.172,3618.0,3.77,0.835,0.832785145889
2013-12-30,3.76,3.8,3.7,3.74,4982800,3.155,,3.77,0.835,0.828355437666
2013-12-27,3.73,3.77,3.7,3.74,5978800,3.155,,3.77,0.835,0.828355437666
2013-12-26,3.75,3.75,3.75,3.75,0,3.163,,3.77,0.835,0.830570291777
2013-12-25,3.75,3.75,3.75,3.75,0,3.163,,3.77,0.835,0.830570291777
2013-12-24,3.72,3.76,3.68,3.75,3311900,3.163,,3.77,0.835,0.830570291777
2013-12-23,3.71,3.72,3.66,3.69,7387600,3.113,,3.77,0.835,0.817281167109
2013-12-20,3.75,3.77,3.66,3.68,11665300,3.104,,3.77,0.835,0.815066312997
2013-12-19,3.78,3.82,3.7,3.73,12640000,3.146,,3.77,0.835,0.826140583554
2013-12-18,3.78,3.81,3.75,3.78,9271000,3.189,,3.77,0.835,0.837214854111
2013-12-17,3.79,3.81,3.75,3.78,13573000,3.189,,3.77,0.835,0.837214854111
2013-12-16,3.75,3.81,3.75,3.79,9215900,3.197,,3.77,0.835,0.839429708223
2013-12-13,3.79,3.83,3.75,3.8,9422000,3.206,,3.77,0.835,0.841644562334
2013-12-12,3.76,3.83,3.75,3.82,12056000,3.222,,3.77,0.835,0.846074270557
2013-12-11,3.81,3.83,3.72,3.78,22597000,3.189,,3.77,0.835,0.837214854111
2013-12-10,3.87,3.91,3.82,3.83,12926700,3.231,,3.77,0.835,0.848289124668
2013-12-09,3.82,3.91,3.82,3.88,17771300,3.273,,3.77,0.835,0.859363395225
2013-12-06,3.93,3.98,3.92,3.93,8670700,3.315,,3.77,0.835,0.870437665782
2013-12-05,4.0,4.01,3.92,3.94,12839300,3.324,,3.77,0.835,0.872652519894
2013-12-04,3.93,4.03,3.93,3.98,11186000,3.357,,3.77,0.835,0.88151193634
2013-12-03,4.01,4.03,3.98,3.99,5553200,3.366,,3.77,0.835,0.883726790451
2013-12-02,4.05,4.06,4.0,4.04,16870000,3.408,,3.77,0.835,0.894801061008
2013-11-29,4.03,4.07,4.0,4.06,10944300,3.425,,3.77,0.835,0.899230769231
2013-11-28,4.05,4.08,4.0,4.03,8918600,3.4,,3.77,0.835,0.892586206897
2013-11-27,3.95,4.06,3.95,4.03,12446000,3.4,,3.77,0.835,0.892586206897
2013-11-26,4.06,4.06,3.95,3.97,16870100,3.349,,3.77,0.835,0.879297082228
2013-11-25,4.12,4.12,4.05,4.06,9342300,3.425,,3.77,0.835,0.899230769231
2013-11-22,4.09,4.2,4.04,4.06,12491100,3.425,,3.77,0.835,0.899230769231
2013-11-21,4.07,4.08,3.98,4.05,22564400,3.416,,3.77,0.835,0.897015915119
2013-11-20,4.03,4.1,4.0,4.06,158283000,3.425,,3.77,0.835,0.899230769231
2013-11-19,4.2,4.2,4.08,4.11,14817000,3.467,,3.77,0.835,0.910305039788
2013-11-18,3.94,4.19,3.94,4.18,62562300,3.526,,3.77,0.835,0.925809018568
2013-11-15,3.79,3.9,3.79,3.89,9800000,3.281,,3.77,0.835,0.861578249337
2013-11-14,3.84,3.85,3.74,3.78,10093000,3.189,,3.77,0.835,0.837214854111
2013-11-13,3.85,3.87,3.78,3.8,7368000,3.206,,3.77,0.835,0.841644562334
2013-11-12,3.91,3.91,3.85,3.88,6778000,3.273,,3.77,0.835,0.859363395225
2013-11-11,3.85,3.9,3.77,3.89,5661300,3.281,,3.77,0.835,0.861578249337
2013-11-08,3.8,3.84,3.77,3.84,7300800,3.239,,3.77,0.835,0.85050397878
2013-11-07,3.86,3.91,3.8,3.81,6886000,3.214,,3.77,0.835,0.843859416446
2013-11-06,3.91,3.94,3.88,3.89,12179000,3.281,,3.77,0.835,0.861578249337
2013-11-05,3.95,3.96,3.89,3.93,9521000,3.315,,3.77,0.835,0.870437665782
2013-11-04,3.92,3.96,3.9,3.95,20543300,3.332,,3.77,0.835,0.874867374005
2013-11-01,3.9,3.93,3.86,3.92,10028400,3.307,,3.77,0.835,0.868222811671
2013-10-31,3.9,3.95,3.88,3.91,12132800,3.298,,3.77,0.835,0.86600795756
2013-10-30,3.88,3.97,3.85,3.95,14162300,3.332,,3.77,0.835,0.874867374005
2013-10-29,3.7,3.92,3.7,3.92,20782000,3.307,,3.77,0.835,0.868222811671
2013-10-28,3.71,3.74,3.7,3.74,8834000,3.155,,3.77,0.835,0.828355437666
2013-10-25,3.73,3.8,3.66,3.7,19098000,3.121,,3.77,0.835,0.81949602122
2013-10-24,3.82,3.82,3.69,3.73,25295000,3.146,,3.77,0.835,0.826140583554
2013-10-23,3.99,4.0,3.81,3.82,10961600,3.222,,3.77,0.835,0.846074270557
2013-10-22,3.99,3.99,3.92,3.95,5225600,3.332,,3.77,0.835,0.874867374005
2013-10-21,4.01,4.01,3.91,3.96,9345300,3.341,,3.77,0.835,0.877082228117
2013-10-18,3.97,4.05,3.93,3.97,5599000,3.349,,3.77,0.835,0.879297082228
2013-10-17,3.95,3.97,3.9,3.95,9615600,3.332,,3.77,0.835,0.874867374005
2013-10-16,4.0,4.02,3.91,3.93,7446000,3.315,,3.77,0.835,0.870437665782
2013-10-15,3.98,4.03,3.96,4.02,18052400,3.391,,3.77,0.835,0.890371352785
2013-10-14,3.94,3.94,3.94,3.94,0,3.324,,3.77,0.835,0.872652519894
2013-10-11,3.92,3.98,3.91,3.94,17706700,3.324,,3.77,0.835,0.872652519894
2013-10-10,3.9,3.91,3.83,3.88,13105000,3.273,,3.77,0.835,0.859363395225
2013-10-09,3.91,3.92,3.85,3.9,10989000,3.29,,3.77,0.835,0.863793103448
2013-10-08,3.76,3.95,3.76,3.94,15610700,3.324,,3.77,0.835,0.872652519894
2013-10-07,3.85,3.85,3.73,3.79,9124000,3.197,,3.77,0.835,0.839429708223
2013-10-04,3.76,3.82,3.73,3.78,13870600,3.189,,3.77,0.835,0.837214854111
2013-10-03,3.74,3.78,3.72,3.76,8147800,3.172,,3.77,0.835,0.832785145889
2013-10-02,3.79,3.82,3.71,3.72,16062400,3.138,,3.77,0.835,0.823925729443
2013-10-01,3.74,3.74,3.74,3.74,0,3.155,,3.77,0.835,0.828355437666
2013-09-30,3.67,3.74,3.65,3.74,13210000,3.155,3618.0,3.78,0.835,0.826164021164
2013-09-27,3.74,3.76,3.68,3.71,10360300,3.13,,3.78,0.835,0.819537037037
2013-09-26,3.81,3.81,3.71,3.74,22103000,3.155,,3.78,0.835,0.826164021164
2013-09-25,3.78,3.82,3.76,3.81,13022000,3.214,,3.78,0.835,0.841626984127
2013-09-24,3.85,3.91,3.75,3.77,24802300,3.18,,3.78,0.835,0.832791005291
2013-09-23,3.9,3.92,3.88,3.89,8046100,3.281,,3.78,0.835,0.859298941799
2013-09-20,3.92,3.92,3.92,3.92,0,3.307,,3.78,0.835,0.865925925926
2013-09-19,3.95,3.96,3.87,3.92,14314400,3.307,,3.78,0.835,0.865925925926
2013-09-18,3.88,3.89,3.82,3.87,7886400,3.265,,3.78,0.835,0.854880952381
2013-09-17,3.92,3.93,3.8,3.88,16891000,3.273,,3.78,0.835,0.85708994709
2013-09-16,3.84,3.95,3.84,3.94,16122900,3.324,,3.78,0.835,0.870343915344
2013-09-13,3.95,3.95,3.78,3.8,12342800,3.206,,3.78,0.835,0.839417989418
2013-09-12,3.85,3.96,3.82,3.83,36420600,3.231,,3.78,0.835,0.846044973545
2013-09-11,3.84,3.87,3.75,3.8,25857000,3.206,,3.78,0.835,0.839417989418
2013-09-10,3.85,3.93,3.8,3.82,30814300,3.222,,3.78,0.835,0.843835978836
2013-09-09,3.67,3.84,3.67,3.77,31473000,3.18,,3.78,0.835,0.832791005291
2013-09-06,3.68,3.71,3.63,3.65,9853200,3.079,,3.78,0.835,0.806283068783
2013-09-05,3.74,3.8,3.68,3.68,13243600,3.104,,3.78,0.835,0.81291005291
2013-09-04,3.62,3.75,3.61,3.75,20636600,3.163,,3.78,0.835,0.828373015873
2013-09-03,3.57,3.67,3.56,3.66,19798000,3.087,,3.78,0.835,0.808492063492
2013-09-02,3.51,3.59,3.48,3.57,17783200,3.012,,3.78,0.835,0.788611111111
2013-08-30,3.46,3.5,3.45,3.49,11354700,2.944,,3.78,0.835,0.770939153439
2013-08-29,3.46,3.5,3.44,3.48,5637000,2.936,,3.78,0.835,0.76873015873
2013-08-28,3.42,3.46,3.36,3.42,9630100,2.885,,3.78,0.835,0.755476190476
2013-08-27,3.58,3.63,3.47,3.49,24881200,2.944,,3.78,0.835,0.770939153439
2013-08-26,3.49,3.58,3.49,3.56,9161000,3.003,,3.78,0.835,0.786402116402
2013-08-23,3.48,3.52,3.46,3.49,11502000,2.944,,3.78,0.835,0.770939153439
2013-08-22,3.42,3.48,3.41,3.46,15998800,2.919,,3.78,0.835,0.764312169312
2013-08-21,3.43,3.48,3.41,3.44,11558200,2.902,,3.78,0.835,0.759894179894
2013-08-20,3.63,3.64,3.43,3.45,16678400,2.91,,3.78,0.835,0.762103174603
2013-08-19,3.56,3.67,3.56,3.63,9257000,3.062,,3.78,0.835,0.801865079365
2013-08-16,3.51,3.64,3.45,3.61,26088300,3.045,,3.78,0.835,0.797447089947
2013-08-15,3.57,3.6,3.52,3.55,15301000,2.995,,3.78,0.835,0.784193121693
2013-08-14,3.55,3.55,3.55,3.55,0,2.995,,3.78,0.835,0.784193121693
2013-08-13,3.39,3.57,3.39,3.55,35207900,2.995,,3.78,0.835,0.784193121693
2013-08-12,3.25,3.38,3.23,3.36,29517000,2.834,,3.78,0.835,0.742222222222
2013-08-09,3.23,3.25,3.2,3.24,2476000,2.733,,3.78,0.835,0.715714285714
2013-08-08,3.23,3.26,3.19,3.21,5285000,2.708,,3.78,0.835,0.709087301587
2013-08-07,3.26,3.31,3.22,3.24,8339000,2.733,,3.78,0.835,0.715714285714
2013-08-06,3.31,3.32,3.25,3.3,7277300,2.784,,3.78,0.835,0.728968253968
2013-08-05,3.28,3.35,3.26,3.34,13177000,2.818,,3.78,0.835,0.737804232804
2013-08-02,3.26,3.28,3.24,3.25,8172000,2.742,,3.78,0.835,0.717923280423
2013-08-01,3.21,3.25,3.19,3.24,8302000,2.733,,3.78,0.835,0.715714285714
2013-07-31,3.2,3.25,3.16,3.17,12395000,2.674,,3.78,0.835,0.700251322751
2013-07-30,3.2,3.23,3.16,3.21,8666000,2.708,,3.78,0.835,0.709087301587
2013-07-29,3.27,3.27,3.17,3.18,7621000,2.683,,3.78,0.835,0.70246031746
2013-07-26,3.25,3.29,3.22,3.26,7043000,2.75,,3.78,0.835,0.720132275132
2013-07-25,3.28,3.3,3.26,3.27,6108000,2.758,,3.78,0.835,0.722341269841
2013-07-24,3.25,3.29,3.23,3.27,12702900,2.758,,3.78,0.835,0.722341269841
2013-07-23,3.13,3.28,3.13,3.28,28787000,2.767,,3.78,0.835,0.72455026455
2013-07-22,3.24,3.24,3.11,3.14,11110100,2.649,,3.78,0.835,0.693624338624
2013-07-19,3.24,3.26,3.18,3.22,9930000,2.716,,3.78,0.835,0.711296296296
2013-07-18,3.2,3.24,3.18,3.22,7741000,2.716,,3.78,0.835,0.711296296296
2013-07-17,3.21,3.21,3.16,3.18,13238000,2.683,,3.78,0.835,0.70246031746
2013-07-16,3.25,3.25,3.19,3.19,5470000,2.691,,3.78,0.835,0.704669312169
2013-07-15,3.22,3.29,3.21,3.22,9570400,2.716,,3.78,0.835,0.711296296296
2013-07-12,3.36,3.36,3.22,3.23,15620400,2.725,,3.78,0.835,0.713505291005
2013-07-11,3.14,3.37,3.14,3.35,30189000,2.826,,3.78,0.835,0.740013227513
2013-07-10,3.07,3.13,3.05,3.12,16930000,2.632,,3.78,0.835,0.689206349206
2013-07-09,3.09,3.09,3.03,3.05,8625000,2.573,,3.78,0.835,0.673743386243
2013-07-08,3.05,3.07,3.02,3.06,16181200,2.581,,3.78,0.835,0.675952380952
2013-07-05,3.09,3.12,3.06,3.08,21857400,2.598,,3.78,0.835,0.68037037037
2013-07-04,3.03,3.11,3.02,3.04,33213900,2.564,,3.78,0.835,0.671534391534
2013-07-03,3.19,3.23,3.02,3.03,35671900,2.556,,3.78,0.835,0.669325396825
2013-07-02,3.3,3.37,3.2,3.21,13288000,2.708,,3.78,0.835,0.709087301587
2013-07-01,3.29,3.29,3.29,3.29,0,2.775,3618.0,3.61,0.835,0.760983379501
2013-06-28,3.2,3.3,3.2,3.29,26499300,2.775,,3.61,0.835,0.760983379501
2013-06-27,3.32,3.37,3.17,3.18,34280000,2.683,,3.61,0.835,0.735540166205
2013-06-26,3.28,3.32,3.19,3.29,26687700,2.775,,3.61,0.835,0.760983379501
2013-06-25,3.18,3.29,3.02,3.21,27807000,2.708,,3.61,0.835,0.742479224377
2013-06-24,3.31,3.37,3.15,3.21,27934800,2.708,,3.61,0.835,0.742479224377
2013-06-21,3.23,3.44,3.23,3.37,20951300,2.843,,3.61,0.835,0.779487534626
2013-06-20,3.54,3.56,3.39,3.39,15197900,2.86,,3.61,0.835,0.784113573407
2013-06-19,3.62,3.65,3.54,3.57,8935400,3.012,,3.61,0.835,0.825747922438
2013-06-18,3.66,3.69,3.61,3.65,7748800,3.079,,3.61,0.835,0.844252077562
2013-06-17,3.65,3.69,3.65,3.66,7698000,3.087,,3.61,0.835,0.846565096953
2013-06-14,3.67,3.67,3.58,3.65,21600000,3.079,,3.61,0.835,0.844252077562
2013-06-13,3.57,3.63,3.5,3.61,20392000,3.045,,3.61,0.835,0.835
2013-06-12,3.58,3.58,3.58,3.58,0,3.02,,3.61,0.835,0.828060941828
2013-06-11,3.72,3.72,3.51,3.58,27701100,3.02,,3.61,0.835,0.828060941828
2013-06-10,3.8,3.83,3.7,3.72,12904000,3.138,,3.61,0.835,0.860443213296
2013-06-07,3.79,3.82,3.78,3.79,6947500,3.197,,3.61,0.835,0.87663434903
2013-06-06,3.78,3.81,3.78,3.79,6265000,3.197,,3.61,0.835,0.87663434903
2013-06-05,3.85,3.85,3.79,3.82,7873000,3.222,,3.61,0.835,0.883573407202
2013-06-04,3.84,3.86,3.8,3.86,13227600,3.256,,3.61,0.835,0.892825484765
2013-06-03,3.85,3.92,3.83,3.86,12123600,3.256,,3.61,0.835,0.892825484765
2013-05-31,3.88,3.96,3.88,3.95,17576300,3.332,,3.61,0.835,0.91364265928
2013-05-30,3.93,3.93,3.8,3.88,23404900,3.273,,3.61,0.835,0.897451523546
2013-05-29,3.96,3.98,3.92,3.93,13413900,3.315,,3.61,0.835,0.909016620499
2013-05-28,3.98,3.99,3.9,3.95,21205500,3.332,,3.61,0.835,0.91364265928
2013-05-27,4.02,4.02,3.97,4.01,13751300,3.383,,3.61,0.835,0.927520775623
2013-05-24,4.01,4.05,4.0,4.03,18614400,3.4,,3.61,0.835,0.932146814404
2013-05-23,4.05,4.08,3.95,3.98,24732100,3.357,,3.61,0.835,0.920581717452
2013-05-22,4.06,4.08,4.03,4.05,17563000,3.416,,3.61,0.835,0.936772853186
2013-05-21,4.1,4.1,4.02,4.03,16812100,3.4,,3.61,0.835,0.932146814404
2013-05-20,4.05,4.15,4.05,4.1,23370000,3.459,,3.61,0.835,0.948337950139
2013-05-17,4.05,4.05,4.05,4.05,0,3.416,,3.61,0.835,0.936772853186
2013-05-16,4.07,4.1,4.01,4.05,13751000,3.416,,3.61,0.835,0.936772853186
2013-05-15,4.16,4.19,4.03,4.05,21375500,3.416,,3.61,0.835,0.936772853186
2013-05-14,4.34,4.38,4.31,4.35,11463000,3.49,,3.61,0.835,1.0061634349
2013-05-13,4.38,4.4,4.31,4.34,18954000,3.482,,3.61,0.835,1.00385041551
2013-05-10,4.3,4.38,4.28,4.38,19402000,3.514,,3.61,0.835,1.01310249307
2013-05-09,4.3,4.32,4.26,4.28,15545200,3.434,,3.61,0.835,0.989972299169
2013-05-08,4.32,4.34,4.21,4.29,17672000,3.442,,3.61,0.835,0.99228531856
2013-05-07,4.34,4.34,4.28,4.3,15383000,3.45,,3.61,0.835,0.99459833795
2013-05-06,4.25,4.32,4.25,4.3,20538800,3.45,,3.61,0.835,0.99459833795
2013-05-03,4.28,4.28,4.19,4.21,16397000,3.378,,3.61,0.835,0.973781163435
2013-05-02,4.21,4.22,4.18,4.19,18139500,3.362,,3.61,0.835,0.969155124654
2013-05-01,4.22,4.22,4.22,4.22,0,3.386,,3.61,0.835,0.976094182825
2013-04-30,4.19,4.28,4.19,4.22,19377000,3.386,,3.61,0.835,0.976094182825
2013-04-29,4.19,4.23,4.17,4.18,18696000,3.354,,3.61,0.835,0.966842105263
2013-04-26,4.16,4.25,4.14,4.2,26743800,3.37,,3.61,0.835,0.971468144044
2013-04-25,4.1,4.15,4.05,4.13,44036000,3.314,,3.61,0.835,0.95527700831
2013-04-24,4.08,4.1,4.03,4.08,25684000,3.273,,3.61,0.835,0.943711911357
2013-04-23,4.16,4.18,4.02,4.05,39882000,3.249,,3.61,0.835,0.936772853186
2013-04-22,4.1,4.16,4.1,4.15,43205100,3.33,,3.61,0.835,0.959903047091
2013-04-19,4.01,4.12,4.0,4.09,39009000,3.281,,3.61,0.835,0.946024930748
2013-04-18,4.01,4.08,4.0,4.04,10885000,3.241,,3.61,0.835,0.934459833795
2013-04-17,4.12,4.12,4.01,4.03,11352600,3.233,,3.61,0.835,0.932146814404
2013-04-16,4.01,4.12,3.96,4.05,12410000,3.249,,3.61,0.835,0.936772853186
2013-04-15,4.04,4.09,3.99,4.05,11625000,3.249,,3.61,0.835,0.936772853186
2013-04-12,4.1,4.15,4.04,4.06,11164000,3.257,,3.61,0.835,0.939085872576
2013-04-11,4.13,4.2,4.04,4.04,18004500,3.241,,3.61,0.835,0.934459833795
2013-04-10,4.04,4.09,3.96,4.06,16180000,3.257,,3.61,0.835,0.939085872576
2013-04-09,3.94,4.03,3.94,3.99,8012900,3.201,,3.61,0.835,0.922894736842
2013-04-08,3.94,4.05,3.91,3.94,8312000,3.161,,3.61,0.835,0.911329639889
2013-04-05,4.01,4.03,3.91,3.95,11967000,3.169,,3.61,0.835,0.91364265928
2013-04-04,4.05,4.05,4.05,4.05,0,3.249,,3.61,0.835,0.936772853186
2013-04-03,4.05,4.08,4.03,4.05,8296000,3.249,,3.61,0.835,0.936772853186
2013-04-02,4.18,4.18,3.99,4.0,26594000,3.209,,3.61,0.835,0.925207756233
2013-04-01,4.15,4.15,4.15,4.15,0,3.33,3618.0,3.43,0.835,1.01027696793
2013-03-29,4.15,4.15,4.15,4.15,0,3.33,,3.43,0.835,1.01027696793
2013-03-28,4.31,4.31,4.09,4.15,24958000,3.33,,3.43,0.835,1.01027696793
2013-03-27,4.28,4.34,4.26,4.31,9212000,3.458,,3.43,0.835,1.04922740525
2013-03-26,4.26,4.3,4.21,4.27,14213600,3.426,,3.43,0.835,1.03948979592
2013-03-25,4.19,4.31,4.19,4.29,22081000,3.442,,3.43,0.835,1.04435860058
2013-03-22,4.17,4.22,4.08,4.12,11583200,3.306,,3.43,0.835,1.00297376093
2013-03-21,4.25,4.29,4.2,4.21,14066600,3.378,,3.43,0.835,1.02488338192
2013-03-20,4.0,4.28,3.98,4.25,29459900,3.41,,3.43,0.835,1.03462099125
2013-03-19,4.11,4.11,3.96,3.96,23261400,3.177,,3.43,0.835,0.964023323615
2013-03-18,4.06,4.12,4.03,4.1,12747800,3.29,,3.43,0.835,0.998104956268
2013-03-15,4.35,4.35,4.16,4.17,22036700,3.346,,3.43,0.835,1.01514577259
2013-03-14,4.26,4.31,4.15,4.3,22499500,3.45,,3.43,0.835,1.04679300292
2013-03-13,4.45,4.45,4.18,4.2,29813200,3.37,,3.43,0.835,1.02244897959
2013-03-12,4.43,4.51,4.3,4.36,14901600,3.498,,3.43,0.835,1.06139941691
2013-03-11,4.42,4.55,4.39,4.43,21512000,3.554,,3.43,0.835,1.07844023324
2013-03-08,4.3,4.4,4.3,4.37,17480100,3.506,,3.43,0.835,1.06383381924
2013-03-07,4.29,4.32,4.26,4.28,9114000,3.434,,3.43,0.835,1.04192419825
2013-03-06,4.26,4.33,4.25,4.28,15000000,3.434,,3.43,0.835,1.04192419825
2013-03-05,4.17,4.24,4.17,4.19,19911800,3.362,,3.43,0.835,1.02001457726
2013-03-04,4.3,4.32,4.15,4.16,19779000,3.338,,3.43,0.835,1.01271137026
2013-03-01,4.38,4.38,4.27,4.3,10206300,3.45,,3.43,0.835,1.04679300292
2013-02-28,4.28,4.38,4.23,4.35,19036700,3.49,,3.43,0.835,1.05896501458
2013-02-27,4.23,4.27,4.18,4.22,10179000,3.386,,3.43,0.835,1.02731778426
2013-02-26,4.24,4.33,4.17,4.19,19875200,3.362,,3.43,0.835,1.02001457726
2013-02-25,4.28,4.33,4.22,4.29,11702000,3.442,,3.43,0.835,1.04435860058
2013-02-22,4.19,4.29,4.17,4.23,23945000,3.394,,3.43,0.835,1.02975218659
2013-02-21,4.4,4.4,4.22,4.24,37509600,3.402,,3.43,0.835,1.03218658892
2013-02-20,4.56,4.6,4.43,4.48,19401000,3.594,,3.43,0.835,1.0906122449
2013-02-19,4.66,4.66,4.51,4.52,13135000,3.626,,3.43,0.835,1.10034985423
2013-02-18,4.68,4.72,4.61,4.63,13490000,3.715,,3.43,0.835,1.12712827988
2013-02-15,4.68,4.68,4.63,4.66,11116500,3.739,,3.43,0.835,1.13443148688
2013-02-14,4.6,4.68,4.55,4.65,12579000,3.731,,3.43,0.835,1.13199708455
2013-02-13,4.5,4.5,4.5,4.5,0,3.61,,3.43,0.835,1.09548104956
2013-02-12,4.5,4.5,4.5,4.5,0,3.61,,3.43,0.835,1.09548104956
2013-02-11,4.5,4.5,4.5,4.5,0,3.61,,3.43,0.835,1.09548104956
2013-02-08,4.52,4.56,4.42,4.5,33578700,3.61,,3.43,0.835,1.09548104956
2013-02-07,4.78,4.78,4.57,4.57,22076000,3.667,,3.43,0.835,1.11252186589
2013-02-06,4.77,4.8,4.72,4.75,10490600,3.811,,3.43,0.835,1.15634110787
2013-02-05,4.79,4.8,4.65,4.7,21487900,3.771,,3.43,0.835,1.14416909621
2013-02-04,4.85,4.93,4.82,4.84,26853800,3.883,,3.43,0.835,1.17825072886
2013-02-01,4.62,4.82,4.54,4.81,27113500,3.859,,3.43,0.835,1.17094752187
2013-01-31,4.75,4.76,4.59,4.61,26121000,3.699,,3.43,0.835,1.12225947522
2013-01-30,4.75,4.8,4.68,4.74,25298200,3.803,,3.43,0.835,1.15390670554
2013-01-29,4.8,4.93,4.68,4.71,39543600,3.779,,3.43,0.835,1.14660349854
2013-01-28,4.81,4.91,4.75,4.83,17395700,3.875,,3.43,0.835,1.17581632653
2013-01-25,4.97,5.02,4.84,4.85,18583500,3.891,,3.43,0.835,1.1806851312
2013-01-24,4.95,4.98,4.92,4.94,27774000,3.963,,3.43,0.835,1.20259475219
2013-01-23,5.04,5.06,4.89,4.95,35059900,3.971,,3.43,0.835,1.20502915452
2013-01-22,4.94,5.06,4.82,5.06,18769800,4.06,,3.43,0.835,1.23180758017
2013-01-21,5.08,5.09,4.88,4.9,19728600,3.931,,3.43,0.835,1.19285714286
2013-01-18,4.76,5.02,4.7,5.01,54163100,4.02,,3.43,0.835,1.21963556851
2013-01-17,4.69,4.75,4.64,4.71,20440000,3.779,,3.43,0.835,1.14660349854
2013-01-16,4.7,4.71,4.58,4.69,25237000,3.763,,3.43,0.835,1.14173469388
2013-01-15,4.49,4.7,4.49,4.67,40195000,3.747,,3.43,0.835,1.13686588921
2013-01-14,4.34,4.45,4.29,4.44,25886700,3.562,,3.43,0.835,1.08087463557
2013-01-11,4.42,4.42,4.25,4.3,22591600,3.45,,3.43,0.835,1.04679300292
2013-01-10,4.46,4.56,4.3,4.38,24173000,3.514,,3.43,0.835,1.06626822157
2013-01-09,4.57,4.57,4.45,4.46,9570000,3.578,,3.43,0.835,1.08574344023
2013-01-08,4.51,4.6,4.44,4.51,19357800,3.618,,3.43,0.835,1.0979154519
2013-01-07,4.51,4.57,4.49,4.55,9396200,3.651,,3.43,0.835,1.10765306122
2013-01-04,4.56,4.56,4.41,4.5,18625400,3.61,,3.43,0.835,1.09548104956
2013-01-03,4.47,4.6,4.46,4.58,32525200,3.675,,3.43,0.835,1.11495626822
2013-01-02,4.28,4.43,4.26,4.42,23121300,3.546,,3.43,0.835,1.0760058309
2013-01-01,4.24,4.24,4.24,4.24,0,3.402,,3.43,0.835,1.03218658892
2012-12-31,4.18,4.27,4.15,4.24,6647000,3.402,3618.0,3.3,0.835,1.07284848485
2012-12-28,4.25,4.25,4.12,4.19,12154300,3.362,,3.3,0.835,1.0601969697
2012-12-27,4.13,4.2,4.11,4.11,9295800,3.298,,3.3,0.835,1.03995454545
2012-12-26,4.08,4.08,4.08,4.08,0,3.273,,3.3,0.835,1.03236363636
2012-12-25,4.08,4.08,4.08,4.08,0,3.273,,3.3,0.835,1.03236363636
2012-12-24,4.04,4.14,4.02,4.08,5014000,3.273,,3.3,0.835,1.03236363636
2012-12-21,4.1,4.13,4.04,4.07,16044000,3.265,,3.3,0.835,1.02983333333
2012-12-20,4.19,4.19,4.04,4.11,22556000,3.298,,3.3,0.835,1.03995454545
2012-12-19,4.07,4.2,4.06,4.2,40570500,3.37,,3.3,0.835,1.06272727273
2012-12-18,4.0,4.08,3.93,4.0,21591200,3.209,,3.3,0.835,1.01212121212
2012-12-17,3.95,4.1,3.94,3.96,30826700,3.177,,3.3,0.835,1.002
2012-12-14,3.75,3.98,3.75,3.95,41700000,3.169,,3.3,0.835,0.99946969697
2012-12-13,3.77,3.8,3.74,3.77,23074000,3.025,,3.3,0.835,0.953924242424
2012-12-12,3.71,3.77,3.68,3.75,32577700,3.009,,3.3,0.835,0.948863636364
2012-12-11,3.69,3.71,3.65,3.68,19482000,2.953,,3.3,0.835,0.931151515152
2012-12-10,3.55,3.69,3.55,3.69,36430000,2.961,,3.3,0.835,0.933681818182
2012-12-07,3.5,3.55,3.48,3.54,10865000,2.84,,3.3,0.835,0.895727272727
2012-12-06,3.57,3.61,3.48,3.49,19240000,2.8,,3.3,0.835,0.883075757576
2012-12-05,3.49,3.58,3.47,3.57,15641000,2.864,,3.3,0.835,0.903318181818
2012-12-04,3.49,3.49,3.43,3.48,8749000,2.792,,3.3,0.835,0.880545454545
2012-12-03,3.56,3.58,3.48,3.49,10548000,2.8,,3.3,0.835,0.883075757576
2012-11-30,3.55,3.57,3.51,3.56,16874400,2.856,,3.3,0.835,0.900787878788
2012-11-29,3.46,3.54,3.45,3.52,9407000,2.824,,3.3,0.835,0.890666666667
2012-11-28,3.47,3.49,3.4,3.45,7150000,2.768,,3.3,0.835,0.872954545455
2012-11-27,3.53,3.55,3.46,3.47,6525000,2.784,,3.3,0.835,0.878015151515
2012-11-26,3.58,3.58,3.5,3.51,4888000,2.816,,3.3,0.835,0.888136363636
2012-11-23,3.47,3.54,3.46,3.52,19179000,2.824,,3.3,0.835,0.890666666667
2012-11-22,3.4,3.45,3.35,3.44,11371000,2.76,,3.3,0.835,0.870424242424
2012-11-21,3.34,3.4,3.28,3.4,16194000,2.728,,3.3,0.835,0.860303030303
2012-11-20,3.44,3.45,3.28,3.31,11128000,2.656,,3.3,0.835,0.83753030303
2012-11-19,3.43,3.48,3.39,3.39,3864000,2.72,,3.3,0.835,0.857772727273
2012-11-16,3.48,3.48,3.38,3.39,5186000,2.72,,3.3,0.835,0.857772727273
2012-11-15,3.46,3.48,3.43,3.44,6280000,2.76,,3.3,0.835,0.870424242424
2012-11-14,3.42,3.5,3.4,3.49,14392000,2.8,,3.3,0.835,0.883075757576
2012-11-13,3.5,3.52,3.37,3.4,12120200,2.728,,3.3,0.835,0.860303030303
2012-11-12,3.53,3.54,3.5,3.52,6560300,2.824,,3.3,0.835,0.890666666667
2012-11-09,3.59,3.59,3.48,3.49,25557000,2.8,,3.3,0.835,0.883075757576
2012-11-08,3.6,3.68,3.57,3.6,10706000,2.888,,3.3,0.835,0.910909090909
2012-11-07,3.75,3.75,3.65,3.68,8707000,2.953,,3.3,0.835,0.931151515152
2012-11-06,3.74,3.75,3.66,3.73,8314000,2.993,,3.3,0.835,0.943803030303
2012-11-05,3.65,3.72,3.63,3.7,6400000,2.969,,3.3,0.835,0.936212121212
2012-11-02,3.68,3.68,3.63,3.66,11899000,2.936,,3.3,0.835,0.926090909091
2012-11-01,3.64,3.67,3.57,3.61,12985000,2.896,,3.3,0.835,0.913439393939
2012-10-31,3.6,3.65,3.6,3.64,6957500,2.92,,3.3,0.835,0.92103030303
2012-10-30,3.67,3.67,3.57,3.57,5466000,2.864,,3.3,0.835,0.903318181818
2012-10-29,3.57,3.8,3.57,3.64,6734000,2.92,,3.3,0.835,0.92103030303
2012-10-26,3.65,3.66,3.53,3.56,9918000,2.856,,3.3,0.835,0.900787878788
2012-10-25,3.65,3.69,3.57,3.62,9277000,2.904,,3.3,0.835,0.91596969697
2012-10-24,3.63,3.7,3.59,3.65,12601000,2.928,,3.3,0.835,0.923560606061
2012-10-23,3.65,3.65,3.65,3.65,0,2.928,,3.3,0.835,0.923560606061
2012-10-22,3.69,3.74,3.64,3.65,16216000,2.928,,3.3,0.835,0.923560606061
2012-10-19,3.71,3.79,3.71,3.76,21919000,3.017,,3.3,0.835,0.951393939394
2012-10-18,3.6,3.75,3.6,3.73,27222000,2.993,,3.3,0.835,0.943803030303
2012-10-17,3.52,3.6,3.48,3.59,19497300,2.88,,3.3,0.835,0.908378787879
2012-10-16,3.45,3.49,3.43,3.45,14253000,2.768,,3.3,0.835,0.872954545455
2012-10-15,3.46,3.53,3.4,3.44,17806000,2.76,,3.3,0.835,0.870424242424
2012-10-12,3.39,3.48,3.36,3.47,24046000,2.784,,3.3,0.835,0.878015151515
2012-10-11,3.15,3.41,3.15,3.39,34277000,2.72,,3.3,0.835,0.857772727273
2012-10-10,3.18,3.22,3.14,3.2,11582000,2.567,,3.3,0.835,0.809696969697
2012-10-09,3.17,3.25,3.16,3.19,17369900,2.559,,3.3,0.835,0.807166666667
2012-10-08,3.2,3.22,3.13,3.17,14860900,2.543,,3.3,0.835,0.802106060606
2012-10-05,3.19,3.22,3.16,3.21,11452500,2.575,,3.3,0.835,0.812227272727
2012-10-04,3.08,3.16,3.08,3.16,17460000,2.535,,3.3,0.835,0.799575757576
2012-10-03,3.08,3.1,3.07,3.08,15971000,2.471,,3.3,0.835,0.779333333333
2012-10-02,3.06,3.06,3.06,3.06,0,2.455,,3.3,0.835,0.774272727273
2012-10-01,3.06,3.06,3.06,3.06,0,2.455,,3.3,0.835,0.774272727273
2012-09-28,3.02,3.06,2.99,3.06,11161800,2.455,3618.0,3.3,0.835,0.774272727273
2012-09-27,2.93,3.03,2.93,3.01,10070100,2.415,,3.3,0.835,0.761621212121
2012-09-26,2.91,2.95,2.91,2.92,11151900,2.343,,3.3,0.835,0.738848484848
2012-09-25,3.05,3.06,2.97,2.98,11173200,2.391,,3.3,0.835,0.75403030303
2012-09-24,3.09,3.09,3.03,3.06,5963400,2.455,,3.3,0.835,0.774272727273
2012-09-21,3.02,3.1,3.01,3.07,19170900,2.463,,3.3,0.835,0.776803030303
2012-09-20,3.0,3.01,2.97,3.01,19916600,2.415,,3.3,0.835,0.761621212121
2012-09-19,2.93,3.0,2.93,3.0,18848900,2.407,,3.3,0.835,0.759090909091
2012-09-18,2.94,2.96,2.9,2.92,11643800,2.343,,3.3,0.835,0.738848484848
2012-09-17,3.0,3.0,2.91,2.94,17546700,2.359,,3.3,0.835,0.743909090909
2012-09-14,2.94,2.98,2.93,2.94,38510000,2.359,,3.3,0.835,0.743909090909
2012-09-13,2.97,2.98,2.88,2.88,19306500,2.311,,3.3,0.835,0.728727272727
2012-09-12,3.01,3.03,2.94,2.98,22408600,2.391,,3.3,0.835,0.75403030303
2012-09-11,2.98,2.99,2.92,2.99,7152000,2.399,,3.3,0.835,0.756560606061
2012-09-10,2.97,3.0,2.93,2.98,6406500,2.391,,3.3,0.835,0.75403030303
2012-09-07,2.9,3.0,2.89,2.96,23996000,2.375,,3.3,0.835,0.74896969697
2012-09-06,2.9,2.9,2.8,2.85,25480600,2.287,,3.3,0.835,0.721136363636
2012-09-05,3.04,3.04,2.87,2.89,20604600,2.319,,3.3,0.835,0.731257575758
2012-09-04,3.12,3.17,3.04,3.04,5651500,2.439,,3.3,0.835,0.769212121212
2012-09-03,3.15,3.19,3.14,3.16,3753000,2.535,,3.3,0.835,0.799575757576
2012-08-31,3.06,3.2,3.05,3.18,12074200,2.551,,3.3,0.835,0.804636363636
2012-08-30,3.13,3.16,3.09,3.11,6356000,2.495,,3.3,0.835,0.786924242424
2012-08-29,3.19,3.19,3.14,3.17,4517900,2.543,,3.3,0.835,0.802106060606
2012-08-28,3.17,3.21,3.16,3.19,8067000,2.559,,3.3,0.835,0.807166666667
2012-08-27,3.28,3.28,3.14,3.16,4946000,2.535,,3.3,0.835,0.799575757576
2012-08-24,3.25,3.29,3.23,3.24,4371600,2.6,,3.3,0.835,0.819818181818
2012-08-23,3.35,3.35,3.26,3.31,8642900,2.656,,3.3,0.835,0.83753030303
2012-08-22,3.3,3.37,3.26,3.31,17745000,2.656,,3.3,0.835,0.83753030303
2012-08-21,3.16,3.34,3.15,3.33,33145000,2.672,,3.3,0.835,0.842590909091
2012-08-20,3.1,3.16,3.09,3.12,12672000,2.503,,3.3,0.835,0.789454545455
2012-08-17,3.1,3.1,3.02,3.05,5476000,2.447,,3.3,0.835,0.771742424242
2012-08-16,3.1,3.11,3.05,3.07,9288000,2.463,,3.3,0.835,0.776803030303
2012-08-15,3.14,3.15,3.11,3.12,6765000,2.503,,3.3,0.835,0.789454545455
2012-08-14,3.13,3.17,3.1,3.15,10050200,2.527,,3.3,0.835,0.797045454545
2012-08-13,3.11,3.14,3.1,3.13,5849000,2.511,,3.3,0.835,0.791984848485
2012-08-10,3.15,3.17,3.07,3.1,8218000,2.487,,3.3,0.835,0.784393939394
2012-08-09,3.12,3.18,3.09,3.15,15431000,2.527,,3.3,0.835,0.797045454545
2012-08-08,3.08,3.13,3.06,3.11,9559300,2.495,,3.3,0.835,0.786924242424
2012-08-07,3.06,3.09,3.04,3.05,8611000,2.447,,3.3,0.835,0.771742424242
2012-08-06,3.06,3.08,3.03,3.05,8560000,2.447,,3.3,0.835,0.771742424242
2012-08-03,2.99,3.02,2.94,3.01,5155500,2.415,,3.3,0.835,0.761621212121
2012-08-02,3.08,3.08,2.98,3.0,7466300,2.407,,3.3,0.835,0.759090909091
2012-08-01,3.01,3.09,2.99,3.08,9468000,2.471,,3.3,0.835,0.779333333333
2012-07-31,2.96,3.04,2.95,3.02,7942000,2.423,,3.3,0.835,0.764151515152
2012-07-30,2.95,2.97,2.92,2.97,13428300,2.383,,3.3,0.835,0.7515
2012-07-27,2.86,2.92,2.86,2.9,12347000,2.327,,3.3,0.835,0.733787878788
2012-07-26,2.82,2.85,2.8,2.81,5535200,2.255,,3.3,0.835,0.711015151515
2012-07-25,2.8,2.84,2.77,2.83,7821000,2.271,,3.3,0.835,0.716075757576
2012-07-24,2.85,2.88,2.81,2.81,8228700,2.255,,3.3,0.835,0.711015151515
2012-07-23,2.93,2.95,2.84,2.85,7127100,2.287,,3.3,0.835,0.721136363636
2012-07-20,2.97,3.0,2.95,2.98,7009200,2.391,,3.3,0.835,0.75403030303
2012-07-19,2.93,2.99,2.92,2.95,12230000,2.367,,3.3,0.835,0.746439393939
2012-07-18,2.92,2.94,2.88,2.91,7158800,2.335,,3.3,0.835,0.736318181818
2012-07-17,2.95,2.98,2.91,2.92,9550900,2.343,,3.3,0.835,0.738848484848
2012-07-16,3.0,3.02,2.9,2.95,15176800,2.367,,3.3,0.835,0.746439393939
2012-07-13,2.97,3.01,2.97,2.98,22474300,2.391,,3.3,0.835,0.75403030303
2012-07-12,3.1,3.1,2.93,2.96,34001300,2.375,,3.3,0.835,0.74896969697
2012-07-11,3.05,3.12,3.01,3.08,17435000,2.471,,3.3,0.835,0.779333333333
2012-07-10,3.04,3.08,3.04,3.08,4884000,2.471,,3.3,0.835,0.779333333333
2012-07-09,3.06,3.08,3.02,3.03,11865400,2.431,,3.3,0.835,0.766681818182
2012-07-06,3.16,3.16,3.07,3.09,10716000,2.479,,3.3,0.835,0.781863636364
2012-07-05,3.15,3.15,3.07,3.14,18402300,2.519,,3.3,0.835,0.794515151515
2012-07-04,3.16,3.17,3.11,3.13,7093200,2.511,,3.3,0.835,0.791984848485
2012-07-03,3.14,3.17,3.1,3.13,10256000,2.511,,3.3,0.835,0.791984848485
2012-07-02,3.11,3.11,3.11,3.11,0,2.495,,3.3,0.835,0.786924242424
2012-06-29,3.05,3.12,3.04,3.11,8966600,2.495,3618.0,3.15,0.835,0.824396825397
2012-06-28,3.11,3.11,3.02,3.03,6492000,2.431,,3.15,0.835,0.80319047619
2012-06-27,3.06,3.14,3.05,3.09,5342000,2.479,,3.15,0.835,0.819095238095
2012-06-26,3.03,3.08,3.02,3.07,5731800,2.463,,3.15,0.835,0.813793650794
2012-06-25,3.12,3.15,3.01,3.02,10632200,2.423,,3.15,0.835,0.80053968254
2012-06-22,3.1,3.16,3.1,3.1,5786300,2.487,,3.15,0.835,0.821746031746
2012-06-21,3.19,3.21,3.13,3.16,5891300,2.535,,3.15,0.835,0.837650793651
2012-06-20,3.26,3.28,3.19,3.22,9177700,2.583,,3.15,0.835,0.853555555556
2012-06-19,3.29,3.35,3.25,3.25,8606000,2.608,,3.15,0.835,0.861507936508
2012-06-18,3.38,3.42,3.28,3.29,9289000,2.64,,3.15,0.835,0.872111111111
2012-06-15,3.2,3.35,3.18,3.34,39362100,2.68,,3.15,0.835,0.885365079365
2012-06-14,3.2,3.24,3.17,3.19,4963100,2.559,,3.15,0.835,0.845603174603
2012-06-13,3.2,3.22,3.12,3.22,8060600,2.583,,3.15,0.835,0.853555555556
2012-06-12,3.12,3.22,3.09,3.18,16018300,2.551,,3.15,0.835,0.842952380952
2012-06-11,3.14,3.16,3.08,3.14,10827100,2.519,,3.15,0.835,0.832349206349
2012-06-08,3.26,3.26,3.02,3.08,32049000,2.471,,3.15,0.835,0.816444444444
2012-06-07,3.33,3.41,3.21,3.23,15263000,2.591,,3.15,0.835,0.856206349206
2012-06-06,3.26,3.31,3.25,3.31,14856000,2.656,,3.15,0.835,0.877412698413
2012-06-05,3.22,3.3,3.19,3.2,9229100,2.567,,3.15,0.835,0.848253968254
2012-06-04,3.22,3.25,3.16,3.22,16013500,2.583,,3.15,0.835,0.853555555556
2012-06-01,3.25,3.35,3.23,3.34,13382600,2.68,,3.15,0.835,0.885365079365
2012-05-31,3.17,3.33,3.16,3.31,14325500,2.656,,3.15,0.835,0.877412698413
2012-05-30,3.24,3.26,3.17,3.24,11689800,2.6,,3.15,0.835,0.858857142857
2012-05-29,3.16,3.28,3.14,3.26,10986000,2.616,,3.15,0.835,0.864158730159
2012-05-28,3.18,3.19,3.08,3.17,9307000,2.543,,3.15,0.835,0.840301587302
2012-05-25,3.17,3.26,3.16,3.18,14296000,2.551,,3.15,0.835,0.842952380952
2012-05-24,3.16,3.23,3.13,3.18,16215200,2.551,,3.15,0.835,0.842952380952
2012-05-23,3.13,3.21,3.1,3.14,23830300,2.519,,3.15,0.835,0.832349206349
2012-05-22,3.08,3.26,3.07,3.17,35437000,2.543,,3.15,0.835,0.840301587302
2012-05-21,2.94,3.06,2.94,3.02,31289000,2.423,,3.15,0.835,0.80053968254
2012-05-18,2.9,2.98,2.89,2.94,26041500,2.359,,3.15,0.835,0.779333333333
2012-05-17,3.08,3.11,2.95,2.99,17074200,2.399,,3.15,0.835,0.792587301587
2012-05-16,3.13,3.15,3.02,3.07,18472000,2.463,,3.15,0.835,0.813793650794
2012-05-15,3.18,3.23,3.14,3.2,12384000,2.567,,3.15,0.835,0.848253968254
2012-05-14,3.3,3.31,3.2,3.21,6603600,2.575,,3.15,0.835,0.850904761905
2012-05-11,3.25,3.27,3.2,3.26,12675000,2.616,,3.15,0.835,0.864158730159
2012-05-10,3.37,3.37,3.21,3.25,36766000,2.608,,3.15,0.835,0.861507936508
2012-05-09,3.59,3.59,3.53,3.56,17801200,2.717,,3.15,0.835,0.943682539683
2012-05-08,3.61,3.62,3.58,3.6,10009300,2.748,,3.15,0.835,0.954285714286
2012-05-07,3.56,3.63,3.56,3.58,25586000,2.733,,3.15,0.835,0.948984126984
2012-05-04,3.55,3.63,3.55,3.62,16647100,2.763,,3.15,0.835,0.959587301587
2012-05-03,3.61,3.61,3.54,3.55,19385000,2.71,,3.15,0.835,0.941031746032
2012-05-02,3.62,3.65,3.6,3.6,35175000,2.748,,3.15,0.835,0.954285714286
2012-05-01,3.59,3.59,3.59,3.59,0,2.74,,3.15,0.835,0.951634920635
2012-04-30,3.61,3.62,3.54,3.59,26265000,2.74,,3.15,0.835,0.951634920635
2012-04-27,3.64,3.66,3.57,3.59,14241200,2.74,,3.15,0.835,0.951634920635
2012-04-26,3.6,3.63,3.59,3.62,17303000,2.763,,3.15,0.835,0.959587301587
2012-04-25,3.6,3.61,3.57,3.6,10400000,2.748,,3.15,0.835,0.954285714286
2012-04-24,3.54,3.6,3.52,3.58,26997000,2.733,,3.15,0.835,0.948984126984
2012-04-23,3.74,3.74,3.51,3.52,66891000,2.687,,3.15,0.835,0.933079365079
2012-04-20,3.74,3.74,3.68,3.68,27625500,2.809,,3.15,0.835,0.975492063492
2012-04-19,3.63,3.76,3.61,3.75,39870000,2.862,,3.15,0.835,0.994047619048
2012-04-18,3.58,3.68,3.52,3.63,75403000,2.771,,3.15,0.835,0.962238095238
2012-04-17,3.75,3.79,3.46,3.55,151233000,2.71,,3.15,0.835,0.941031746032
2012-04-16,4.1,4.1,3.78,3.8,75416500,2.901,,3.15,0.835,1.0073015873
2012-04-13,4.03,4.27,3.99,4.13,70750800,3.152,,3.15,0.835,1.09477777778
2012-04-12,3.75,3.94,3.75,3.92,27269000,2.992,,3.15,0.835,1.03911111111
2012-04-11,3.75,3.83,3.68,3.73,20378000,2.847,,3.15,0.835,0.988746031746
2012-04-10,3.8,3.87,3.77,3.83,9384000,2.923,,3.15,0.835,1.01525396825
2012-04-09,3.88,3.88,3.88,3.88,0,2.962,,3.15,0.835,1.02850793651
2012-04-06,3.88,3.88,3.88,3.88,0,2.962,,3.15,0.835,1.02850793651
2012-04-05,3.76,3.92,3.75,3.88,18761200,2.962,,3.15,0.835,1.02850793651
2012-04-04,3.88,3.88,3.88,3.88,0,2.962,,3.15,0.835,1.02850793651
2012-04-03,3.73,3.9,3.7,3.88,26351000,2.962,,3.15,0.835,1.02850793651
2012-04-02,3.73,3.76,3.62,3.69,14030000,2.817,,3.15,0.835,0.978142857143
2012-03-30,3.68,3.77,3.65,3.71,24256300,2.832,3618.0,3.0,0.835,1.03261666667
2012-03-29,3.77,3.81,3.69,3.72,17099200,2.839,,3.0,0.835,1.0354
2012-03-28,3.78,3.83,3.75,3.8,18296000,2.901,,3.0,0.835,1.05766666667
2012-03-27,3.95,4.02,3.75,3.78,41842400,2.885,,3.0,0.835,1.0521
2012-03-26,4.15,4.15,3.86,3.91,28176000,2.985,,3.0,0.835,1.08828333333
2012-03-23,4.1,4.13,4.08,4.11,9081000,3.137,,3.0,0.835,1.14395
2012-03-22,4.09,4.15,4.09,4.14,18088300,3.16,,3.0,0.835,1.1523
2012-03-21,4.22,4.22,4.06,4.09,25613500,3.122,,3.0,0.835,1.13838333333
2012-03-20,4.2,4.23,4.03,4.22,69291100,3.221,,3.0,0.835,1.17456666667
2012-03-19,4.21,4.25,4.05,4.1,21515000,3.13,,3.0,0.835,1.14116666667
2012-03-16,4.28,4.33,4.2,4.2,20540000,3.206,,3.0,0.835,1.169
2012-03-15,4.44,4.44,4.26,4.27,6829000,3.259,,3.0,0.835,1.18848333333
2012-03-14,4.51,4.56,4.35,4.4,19386000,3.359,,3.0,0.835,1.22466666667
2012-03-13,4.29,4.44,4.27,4.43,18705000,3.381,,3.0,0.835,1.23301666667
2012-03-12,4.37,4.37,4.22,4.23,9347500,3.229,,3.0,0.835,1.17735
2012-03-09,4.44,4.44,4.31,4.34,18288500,3.313,,3.0,0.835,1.20796666667
2012-03-08,4.25,4.42,4.25,4.41,11642600,3.366,,3.0,0.835,1.22745
2012-03-07,4.23,4.31,4.2,4.25,9872400,3.244,,3.0,0.835,1.18291666667
2012-03-06,4.46,4.47,4.28,4.29,17828000,3.275,,3.0,0.835,1.19405
2012-03-05,4.62,4.62,4.47,4.48,15893000,3.42,,3.0,0.835,1.24693333333
2012-03-02,4.74,4.74,4.6,4.63,12845600,3.534,,3.0,0.835,1.28868333333
2012-03-01,4.72,4.75,4.63,4.69,6541000,3.58,,3.0,0.835,1.30538333333
2012-02-29,4.73,4.8,4.69,4.79,23962000,3.656,,3.0,0.835,1.33321666667
2012-02-28,4.65,4.75,4.53,4.73,15489400,3.61,,3.0,0.835,1.31651666667
2012-02-27,4.75,4.75,4.57,4.59,6268000,3.504,,3.0,0.835,1.27755
2012-02-24,4.7,4.78,4.65,4.77,14656000,3.641,,3.0,0.835,1.32765
2012-02-23,4.73,4.75,4.65,4.74,9700000,3.618,,3.0,0.835,1.3193
2012-02-22,4.67,4.74,4.62,4.74,16153000,3.618,,3.0,0.835,1.3193
2012-02-21,4.7,4.7,4.55,4.67,13198000,3.565,,3.0,0.835,1.29981666667
2012-02-20,4.65,4.75,4.6,4.69,35434000,3.58,,3.0,0.835,1.30538333333
2012-02-17,4.49,4.57,4.39,4.52,13074000,3.45,,3.0,0.835,1.25806666667
2012-02-16,4.4,4.5,4.33,4.47,17534500,3.412,,3.0,0.835,1.24415
2012-02-15,4.24,4.43,4.2,4.41,23464200,3.366,,3.0,0.835,1.22745
2012-02-14,4.22,4.28,4.18,4.24,13336000,3.236,,3.0,0.835,1.18013333333
2012-02-13,4.25,4.27,4.11,4.2,34024000,3.206,,3.0,0.835,1.169
2012-02-10,4.52,4.55,4.22,4.26,37422000,3.252,,3.0,0.835,1.1857
2012-02-09,4.58,4.65,4.48,4.55,20567000,3.473,,3.0,0.835,1.26641666667
2012-02-08,4.51,4.57,4.49,4.55,11444000,3.473,,3.0,0.835,1.26641666667
2012-02-07,4.53,4.56,4.46,4.51,5254000,3.442,,3.0,0.835,1.25528333333
2012-02-06,4.67,4.67,4.45,4.49,14001600,3.427,,3.0,0.835,1.24971666667
2012-02-03,4.6,4.63,4.55,4.59,18472500,3.504,,3.0,0.835,1.27755
2012-02-02,4.44,4.66,4.44,4.61,32377000,3.519,,3.0,0.835,1.28311666667
2012-02-01,4.38,4.54,4.35,4.38,14241000,3.343,,3.0,0.835,1.2191
2012-01-31,4.37,4.48,4.31,4.39,19238000,3.351,,3.0,0.835,1.22188333333
2012-01-30,4.48,4.51,4.34,4.37,12078000,3.336,,3.0,0.835,1.21631666667
2012-01-27,4.52,4.59,4.46,4.52,16158000,3.45,,3.0,0.835,1.25806666667
2012-01-26,4.68,4.72,4.51,4.54,18084800,3.465,,3.0,0.835,1.26363333333
2012-01-25,4.63,4.63,4.63,4.63,0,3.534,,3.0,0.835,1.28868333333
2012-01-24,4.63,4.63,4.63,4.63,0,3.534,,3.0,0.835,1.28868333333
2012-01-23,4.63,4.63,4.63,4.63,0,3.534,,3.0,0.835,1.28868333333
2012-01-20,4.75,4.84,4.6,4.63,11344000,3.534,,3.0,0.835,1.28868333333
2012-01-19,4.7,4.84,4.69,4.73,36076800,3.61,,3.0,0.835,1.31651666667
2012-01-18,4.66,4.7,4.56,4.68,29268000,3.572,,3.0,0.835,1.3026
2012-01-17,4.69,4.72,4.61,4.66,22148900,3.557,,3.0,0.835,1.29703333333
2012-01-16,4.46,4.67,4.46,4.64,21659000,3.542,,3.0,0.835,1.29146666667
2012-01-13,4.49,4.57,4.39,4.56,21461000,3.481,,3.0,0.835,1.2692
2012-01-12,4.31,4.47,4.29,4.42,23476000,3.374,,3.0,0.835,1.23023333333
2012-01-11,4.15,4.36,4.11,4.31,22059700,3.29,,3.0,0.835,1.19961666667
2012-01-10,4.11,4.16,4.06,4.11,11862600,3.137,,3.0,0.835,1.14395
2012-01-09,4.01,4.1,3.86,4.08,8564800,3.114,,3.0,0.835,1.1356
2012-01-06,4.08,4.11,4.01,4.03,3773000,3.076,,3.0,0.835,1.12168333333
2012-01-05,4.11,4.13,4.04,4.11,5113500,3.137,,3.0,0.835,1.14395
2012-01-04,4.11,4.15,4.08,4.11,6808500,3.137,,3.0,0.835,1.14395
2012-01-03,4.08,4.12,4.02,4.1,7456900,3.13,,3.0,0.835,1.14116666667
2012-01-02,4.02,4.02,4.02,4.02,0,3.068,,3.0,0.835,1.1189
2011-12-30,4.0,4.05,3.97,4.02,3994900,3.068,3618.0,3.0,0.835,1.1189
2011-12-29,3.99,4.05,3.95,4.0,4212000,3.053,,,,
2011-12-28,4.02,4.08,3.97,4.05,2042000,3.091,,,,
2011-12-27,4.09,4.09,4.09,4.09,0,3.122,,,,
2011-12-26,4.09,4.09,4.09,4.09,0,3.122,,,,
2011-12-23,4.1,4.1,4.02,4.09,3357000,3.122,,,,
2011-12-22,3.93,4.09,3.93,4.05,6326300,3.091,,,,
2011-12-21,3.96,4.0,3.9,3.98,9341700,3.038,,,,
2011-12-20,3.97,4.06,3.85,3.85,11940500,2.939,,,,
2011-12-19,4.08,4.16,3.97,3.97,15856000,3.03,,,,
2011-12-16,3.9,4.17,3.86,4.16,16459500,3.175,,,,
2011-12-15,3.89,3.96,3.76,3.93,12657400,3.0,,,,
2011-12-14,3.78,3.93,3.75,3.89,9022000,2.969,,,,
2011-12-13,3.83,3.86,3.76,3.83,8372600,2.923,,,,
2011-12-12,4.09,4.09,3.86,3.87,6060000,2.954,,,,
2011-12-09,4.03,4.12,3.96,3.98,7864700,3.038,,,,
2011-12-08,4.07,4.15,4.04,4.14,10867700,3.16,,,,
2011-12-07,4.03,4.13,3.99,4.1,13601000,3.13,,,,
2011-12-06,3.98,4.07,3.89,4.01,18431100,3.061,,,,
2011-12-05,3.95,4.07,3.87,4.05,17106000,3.091,,,,
2011-12-02,3.83,3.97,3.77,3.95,20494000,3.015,,,,
2011-12-01,3.77,3.95,3.72,3.89,35236000,2.969,,,,
2011-11-30,3.42,3.56,3.37,3.4,9839000,2.595,,,,
2011-11-29,3.5,3.51,3.37,3.42,8128000,2.61,,,,
2011-11-28,3.29,3.49,3.28,3.47,11214000,2.649,,,,
2011-11-25,3.25,3.33,3.23,3.24,5732000,2.473,,,,
2011-11-24,3.19,3.39,3.17,3.36,16287000,2.565,,,,
2011-11-23,3.34,3.34,3.18,3.23,15672000,2.465,,,,
2011-11-22,3.43,3.52,3.32,3.35,22762800,2.557,,,,
2011-11-21,3.6,3.64,3.41,3.49,23415000,2.664,,,,
2011-11-18,3.76,3.86,3.65,3.71,21766000,2.832,,,,
2011-11-17,3.73,3.92,3.73,3.86,11385000,2.946,,,,
2011-11-16,3.95,3.95,3.73,3.83,13053600,2.923,,,,
2011-11-15,3.8,3.95,3.77,3.93,10509000,3.0,,,,
2011-11-14,3.82,3.93,3.82,3.85,18382000,2.939,,,,
2011-11-11,3.56,3.78,3.56,3.71,18918200,2.832,,,,
2011-11-10,3.67,3.68,3.47,3.51,32933100,2.679,,,,
2011-11-09,3.91,3.94,3.84,3.9,12742100,2.977,,,,
2011-11-08,3.77,3.88,3.73,3.84,17268100,2.931,,,,
2011-11-07,3.95,3.95,3.69,3.73,14459100,2.847,,,,
2011-11-04,3.84,3.92,3.74,3.9,30287300,2.977,,,,
2011-11-03,3.46,3.79,3.42,3.65,35385000,2.786,,,,
2011-11-02,3.16,3.56,3.12,3.54,22988500,2.702,,,,
2011-11-01,3.3,3.43,3.21,3.28,29883000,2.504,,,,
2011-10-31,3.62,3.69,3.38,3.5,34287100,2.672,,,,
2011-10-28,3.55,3.69,3.55,3.64,46457700,2.778,,,,
2011-10-27,3.16,3.5,3.16,3.47,61486400,2.649,,,,
2011-10-26,2.93,3.13,2.91,3.1,35571400,2.366,,,,
2011-10-25,2.88,3.0,2.88,2.93,17249400,2.236,,,,
2011-10-24,2.71,2.92,2.71,2.88,14871900,2.198,,,,
2011-10-21,2.61,2.69,2.58,2.66,7271000,2.03,,,,
2011-10-20,2.64,2.64,2.54,2.59,9650700,1.977,,,,
2011-10-19,2.8,2.82,2.63,2.65,17974000,2.023,,,,
2011-10-18,2.87,2.9,2.7,2.75,17502000,2.099,,,,
2011-10-17,3.05,3.06,2.9,3.01,10142000,2.298,,,,
2011-10-14,2.87,3.07,2.86,2.98,27821000,2.275,,,,
2011-10-13,2.86,3.07,2.83,2.92,28510000,2.229,,,,
2011-10-12,2.55,2.78,2.53,2.76,29528000,2.107,,,,
2011-10-11,2.54,2.66,2.51,2.58,38837000,1.969,,,,
2011-10-10,2.46,2.48,2.33,2.39,8872400,1.824,,,,
2011-10-07,2.228,2.48,2.32,2.43,41373000,1.855,,,,
2011-10-06,2.32,2.35,2.24,2.28,13098800,1.74,,,,
2011-10-04,2.2,2.29,2.15,2.19,9792900,1.672,,,,
2011-10-03,2.31,2.39,2.22,2.24,21418700,1.71,,,,
2011-09-30,2.45,2.49,2.38,2.42,20646000,1.847,,,,
2011-09-28,2.62,2.62,2.47,2.49,23734000,1.901,,,,
2011-09-27,2.53,2.66,2.5,2.63,23350700,2.007,,,,
2011-09-26,2.54,2.67,2.41,2.43,28812000,1.855,,,,
2011-09-23,2.62,2.65,2.47,2.54,24081000,1.939,,,,
2011-09-22,2.85,2.85,2.69,2.69,14338100,2.053,,,,
2011-09-21,2.98,2.98,2.86,2.94,11275000,2.244,,,,
2011-09-20,2.96,3.01,2.89,2.97,3798000,2.267,,,,
2011-09-19,3.1,3.1,2.94,2.96,5210400,2.259,,,,
2011-09-16,3.0,3.16,3.0,3.09,15026200,2.359,,,,
2011-09-15,2.95,3.02,2.87,2.94,12517300,2.244,,,,
2011-09-14,3.21,3.21,2.83,2.92,40055000,2.229,,,,
2011-09-09,3.47,3.53,3.42,3.43,9575000,2.618,,,,
2011-09-08,3.65,3.65,3.45,3.48,15604400,2.656,,,,
2011-09-07,3.57,3.65,3.56,3.63,3219400,2.771,,,,
2011-09-06,3.56,3.62,3.4,3.56,11745100,2.717,,,,
2011-09-05,3.72,3.74,3.63,3.64,5716000,2.778,,,,
2011-09-02,3.84,3.9,3.75,3.81,9671800,2.908,,,,
2011-09-01,3.78,3.91,3.73,3.85,40199000,2.939,,,,
2011-08-31,3.76,3.77,3.69,3.75,13801600,2.862,,,,
2011-08-30,3.73,3.83,3.71,3.73,12594000,2.847,,,,
2011-08-29,3.72,3.73,3.67,3.68,2750000,2.809,,,,
2011-08-26,3.74,3.82,3.66,3.7,6093000,2.824,,,,
2011-08-25,3.69,3.82,3.66,3.78,9615000,2.885,,,,
2011-08-24,3.71,3.79,3.59,3.63,10886700,2.771,,,,
2011-08-23,3.67,3.71,3.52,3.68,9889800,2.809,,,,
2011-08-22,3.69,3.8,3.52,3.68,8878000,2.809,,,,
2011-08-19,3.8,3.82,3.66,3.77,15345000,2.878,,,,
2011-08-18,4.08,4.09,3.88,3.93,8624000,3.0,,,,
2011-08-17,4.15,4.16,4.04,4.07,20293200,3.107,,,,
2011-08-16,3.94,4.21,3.94,4.12,37027000,3.145,,,,
2011-08-15,3.74,3.91,3.7,3.88,29614900,2.962,,,,
2011-08-12,3.66,3.72,3.55,3.61,23176000,2.756,,,,
2011-08-11,3.62,3.66,3.5,3.59,25906800,2.74,,,,
2011-08-10,4.01,4.02,3.65,3.7,18006000,2.824,,,,
2011-08-09,3.85,3.99,3.7,3.86,17452000,2.946,,,,
2011-08-08,4.11,4.2,4.02,4.1,17953700,3.13,,,,
2011-08-05,4.1,4.27,4.04,4.26,14505000,3.252,,,,
2011-08-04,4.51,4.56,4.34,4.4,18858000,3.359,,,,
2011-08-03,4.52,4.54,4.43,4.52,16557000,3.45,,,,
2011-08-02,4.69,4.69,4.56,4.62,3416000,3.526,,,,
2011-08-01,4.54,4.73,4.54,4.69,19425000,3.58,,,,
2011-07-29,4.47,4.52,4.41,4.51,8257000,3.442,,,,
2011-07-28,4.5,4.5,4.42,4.47,6658000,3.412,,,,
2011-07-27,4.47,4.57,4.47,4.54,3491000,3.465,,,,
2011-07-26,4.41,4.55,4.4,4.53,6200000,3.458,,,,
2011-07-25,4.49,4.5,4.42,4.45,4788600,3.397,,,,
2011-07-22,4.44,4.58,4.44,4.57,8305700,3.488,,,,
2011-07-21,4.34,4.41,4.34,4.41,7383100,3.366,,,,
2011-07-20,4.3,4.36,4.26,4.34,17391500,3.313,,,,
2011-07-19,4.35,4.35,4.17,4.25,17337800,3.244,,,,
2011-07-18,4.4,4.44,4.33,4.37,6431500,3.336,,,,
2011-07-15,4.44,4.44,4.38,4.39,4765000,3.351,,,,
2011-07-14,4.45,4.45,4.41,4.45,6805000,3.397,,,,
2011-07-13,4.45,4.53,4.4,4.43,14306000,3.381,,,,
2011-07-12,4.56,4.58,4.36,4.38,25716000,3.343,,,,
2011-07-11,4.76,4.76,4.61,4.65,14541000,3.549,,,,
2011-07-08,4.74,4.79,4.73,4.76,22798000,3.633,,,,
2011-07-07,4.73,4.8,4.7,4.72,59669000,3.603,,,,
2011-07-06,4.75,4.75,4.68,4.7,13146500,3.588,,,,
2011-07-05,4.88,4.88,4.71,4.77,12392000,3.641,,,,
2011-07-04,4.7,4.88,4.67,4.88,32382700,3.725,,,,
2011-06-30,4.54,4.6,4.54,4.58,6951700,3.496,,,,
2011-06-29,4.58,4.62,4.5,4.51,11151400,3.442,,,,
2011-06-28,4.63,4.66,4.51,4.53,11132000,3.458,,,,
2011-06-27,4.52,4.66,4.47,4.6,13773000,3.511,,,,
2011-06-24,4.4,4.6,4.39,4.57,29614600,3.488,,,,
2011-06-23,4.42,4.43,4.3,4.39,26994000,3.351,,,,
2011-06-22,4.69,4.73,4.4,4.42,34732000,3.374,,,,
2011-06-21,4.48,4.74,4.33,4.71,46622400,3.595,,,,
2011-06-20,4.74,4.79,4.41,4.43,35353000,3.381,,,,
2011-06-17,4.77,4.92,4.71,4.73,8950000,3.61,,,,
2011-06-16,4.82,4.82,4.7,4.76,15413000,3.633,,,,
2011-06-15,4.91,4.95,4.81,4.83,13261000,3.687,,,,
2011-06-14,4.8,4.95,4.75,4.87,26029900,3.717,,,,
2011-06-13,4.8,4.85,4.69,4.83,33131700,3.687,,,,
2011-06-10,5.03,5.09,4.85,4.9,19048000,3.74,,,,
2011-06-09,5.15,5.2,5.02,5.03,23598400,3.839,,,,
2011-06-08,5.26,5.27,5.13,5.17,13436000,3.946,,,,
2011-06-07,5.1,5.28,5.05,5.28,24638300,4.03,,,,
2011-06-03,5.3,5.32,5.12,5.14,46472000,3.923,,,,
2011-06-02,5.3,5.34,5.25,5.33,29974600,4.068,,,,
2011-06-01,5.54,5.56,5.33,5.36,68338900,4.091,,,,
2011-05-31,5.63,5.79,5.53,5.56,147519000,4.244,,,,
2011-05-30,5.59,5.7,5.55,5.66,46177900,4.32,,,,
2011-05-27,5.5,5.57,5.47,5.55,17104000,4.236,,,,
2011-05-26,5.5,5.5,5.46,5.49,13135200,4.191,,,,
2011-05-25,5.45,5.5,5.39,5.46,13352000,4.168,,,,
2011-05-24,5.44,5.47,5.36,5.45,15788300,4.16,,,,
2011-05-23,5.48,5.5,5.38,5.44,26291000,4.152,,,,
2011-05-20,5.5,5.52,5.44,5.5,30160000,4.198,,,,
2011-05-19,5.5,5.73,5.45,5.47,42208000,4.175,,,,
2011-05-18,5.3,5.36,5.29,5.36,24171400,4.091,,,,
2011-05-17,5.3,5.37,5.27,5.28,39613000,4.03,,,,
2011-05-16,5.38,5.38,5.24,5.27,16356000,4.023,,,,
2011-05-13,5.39,5.42,5.27,5.39,18343000,4.114,,,,
2011-05-12,5.38,5.4,5.33,5.36,13142000,4.091,,,,
2011-05-11,5.38,5.44,5.33,5.42,45855900,4.137,,,,
2011-05-09,5.31,5.36,5.29,5.35,15452000,4.084,,,,
2011-05-06,5.33,5.34,5.27,5.31,10718000,4.053,,,,
2011-05-05,5.27,5.36,5.2,5.35,18081000,4.084,,,,
2011-05-04,5.38,5.38,5.23,5.25,7820000,4.007,,,,
2011-05-03,5.39,5.41,5.36,5.39,13355400,4.114,,,,
2011-04-29,5.39,5.41,5.36,5.39,10193400,4.114,,,,
2011-04-28,5.42,5.42,5.34,5.39,12663100,4.114,,,,
2011-04-27,5.42,5.42,5.34,5.41,21833000,4.129,,,,
2011-04-26,5.36,5.41,5.32,5.41,14658500,4.129,,,,
2011-04-21,5.36,5.44,5.34,5.39,44609600,4.114,,,,
2011-04-20,5.21,5.36,5.2,5.36,33035400,4.091,,,,
2011-04-19,5.19,5.2,5.12,5.2,22647000,3.969,,,,
2011-04-18,5.3,5.3,5.2,5.21,39688000,3.977,,,,
2011-04-15,5.3,5.36,5.3,5.31,17790000,4.053,,,,
2011-04-14,5.33,5.34,5.29,5.3,16539000,4.046,,,,
2011-04-13,5.27,5.38,5.26,5.37,25895600,4.099,,,,
2011-04-12,5.29,5.32,5.25,5.3,26221800,4.046,,,,
2011-04-11,5.38,5.41,5.28,5.32,36106000,4.061,,,,
2011-04-08,5.39,5.4,5.32,5.36,21597000,4.091,,,,
2011-04-07,5.3,5.4,5.28,5.38,40183200,4.107,,,,
2011-04-06,5.36,5.39,5.25,5.28,51147900,4.03,,,,
2011-04-04,5.42,5.47,5.36,5.4,65538800,4.122,,,,
2011-04-01,5.37,5.45,5.35,5.42,36536300,4.137,,,,
2011-03-31,5.26,5.41,5.26,5.34,105132100,4.076,,,,
2011-03-30,5.27,5.32,5.2,5.23,147875900,3.992,,,,
2011-03-29,5.7,5.7,5.3,5.32,283717700,4.061,,,,
2011-03-28,6.26,6.29,5.95,6.08,24146000,4.641,,,,
2011-03-25,6.25,6.29,6.16,6.26,24105000,4.778,,,,
2011-03-24,6.0,6.25,5.99,6.17,43949200,4.71,,,,
2011-03-23,6.01,6.07,5.89,5.91,12219000,4.511,,,,
2011-03-22,5.96,6.07,5.94,6.01,29311000,4.587,,,,
2011-03-21,5.92,5.96,5.88,5.91,52252000,4.511,,,,
2011-03-18,5.95,6.03,5.87,5.9,14403000,4.503,,,,
2011-03-17,5.98,6.05,5.89,5.92,26502500,4.519,,,,
2011-03-16,6.0,6.2,5.95,6.12,21738000,4.671,,,,
2011-03-15,6.01,6.03,5.76,5.92,18098200,4.519,,,,
2011-03-14,6.01,6.08,6.0,6.06,14922000,4.626,,,,
2011-03-11,6.11,6.2,6.01,6.08,30193000,4.641,,,,
2011-03-10,6.29,6.31,6.16,6.21,23650400,4.74,,,,
2011-03-09,6.1,6.46,6.08,6.29,38594500,4.801,,,,
2011-03-08,5.9,6.1,5.86,6.07,16075000,4.633,,,,
2011-03-07,6.0,6.07,5.9,5.92,10623900,4.519,,,,
2011-03-04,6.15,6.15,5.94,6.04,11377100,4.61,,,,
2011-03-03,6.03,6.2,6.03,6.09,10833800,4.649,,,,
2011-03-02,6.13,6.15,5.98,6.03,18216200,4.603,,,,
2011-03-01,6.05,6.28,6.04,6.23,55284000,4.755,,,,
2011-02-28,5.88,6.09,5.86,6.08,38361000,4.641,,,,
2011-02-25,5.8,5.99,5.76,5.89,61557000,4.496,,,,
2011-02-24,5.6,5.82,5.56,5.71,35692000,4.358,,,,
2011-02-23,5.6,5.68,5.56,5.58,33303700,4.259,,,,
2011-02-22,5.6,5.95,5.54,5.65,61732000,4.313,,,,
2011-02-21,5.51,5.82,5.5,5.81,79429200,4.435,,,,
2011-02-18,5.38,5.62,5.35,5.61,40567000,4.282,,,,
2011-02-17,5.25,5.39,5.2,5.38,7630000,4.107,,,,
2011-02-16,5.22,5.27,5.17,5.25,15498300,4.007,,,,
2011-02-15,5.25,5.25,5.14,5.23,11697500,3.992,,,,
2011-02-14,5.14,5.29,5.07,5.24,15884000,4.0,,,,
2011-02-11,5.2,5.2,5.01,5.09,46718000,3.885,,,,
2011-02-10,5.2,5.3,5.15,5.18,31201000,3.954,,,,
2011-02-09,5.3,5.34,5.26,5.27,16667900,4.023,,,,
2011-02-08,5.38,5.42,5.32,5.33,10953600,4.068,,,,
2011-02-07,5.46,5.48,5.37,5.38,11254500,4.107,,,,
2011-02-01,5.27,5.29,5.16,5.23,12421000,3.992,,,,
2011-01-31,5.2,5.28,5.12,5.28,13748000,4.03,,,,
2011-01-28,5.32,5.37,5.18,5.24,60589500,4.0,,,,
2011-01-27,5.4,5.42,5.31,5.37,18370000,4.099,,,,
2011-01-26,5.4,5.52,5.36,5.41,30076000,4.129,,,,
2011-01-25,5.4,5.48,5.25,5.4,58358500,4.122,,,,
2011-01-24,5.61,5.62,5.43,5.48,16366000,4.183,,,,
2011-01-21,5.64,5.68,5.47,5.58,32236000,4.259,,,,
2011-01-20,5.78,5.78,5.62,5.68,20094500,4.336,,,,
2011-01-19,5.79,5.82,5.67,5.8,18394400,4.427,,,,
2011-01-18,5.6,5.85,5.57,5.79,26196500,4.42,,,,
2011-01-17,5.72,5.77,5.55,5.57,23642400,4.252,,,,
2011-01-14,5.71,5.74,5.7,5.71,23700000,4.358,,,,
2011-01-13,5.85,5.9,5.68,5.74,47383400,4.381,,,,
2011-01-12,5.78,5.89,5.73,5.85,43743000,4.465,,,,
2011-01-11,5.67,5.79,5.56,5.73,21518000,4.374,,,,
2011-01-10,5.75,5.79,5.64,5.7,16950000,4.351,,,,
2011-01-07,5.57,5.89,5.55,5.57,125903000,4.252,,,,
2011-01-06,5.4,5.58,5.35,5.57,39931000,4.252,,,,
2011-01-05,5.5,5.52,5.32,5.35,178871300,4.084,,,,
2011-01-04,5.32,5.54,5.32,5.51,76084900,4.206,,,,
2011-01-03,5.25,5.37,5.2,5.32,46288000,4.061,,,,
2010-12-30,5.16,5.16,5.09,5.12,11527000,3.908,,,,
2010-12-29,5.13,5.18,5.1,5.14,12090000,3.923,,,,
2010-12-28,5.13,5.15,5.08,5.11,9134000,3.9,,,,
2010-12-24,5.13,5.2,5.07,5.16,15108000,3.939,,,,
2010-12-23,5.27,5.28,5.16,5.17,24294000,3.946,,,,
2010-12-22,5.2,5.36,5.18,5.22,90846000,3.984,,,,
2010-12-21,5.12,5.21,5.09,5.13,82140900,3.916,,,,
2010-12-20,5.25,5.25,5.11,5.15,37490000,3.931,,,,
2010-12-17,5.27,5.3,5.25,5.25,92249000,4.007,,,,
2010-12-16,5.45,5.49,5.06,5.21,749516100,3.977,,,,
